;ALPHA;BETA;HOUSE_VACANCY;LABOR_MARKET;MARKUP;MEMBERS_PER_FAMILY;PCT_DISTANCE_HIRING;PERCENTAGE_ACTUAL_POP;PERCENTAGE_CHECK_NEW_LOCATION;PRODUCTION_MAGNITUDE;SIZE_MARKET;STICKY_PRICES;TAX_CONSUMPTION;TAX_ESTATE_TRANSACTION;TAX_FIRM;TAX_LABOR;TAX_PROPERTY;TREASURE_INTO_SERVICES;ALTERNATIVE0_False;ALTERNATIVE0_True;FPM_DISTRIBUTION_False;FPM_DISTRIBUTION_True;PROCESSING_ACPS_ARACAJU;PROCESSING_ACPS_BELEM;PROCESSING_ACPS_BELO HORIZONTE;PROCESSING_ACPS_BRASILIA;PROCESSING_ACPS_CAMPINA GRANDE;PROCESSING_ACPS_CAMPINAS;PROCESSING_ACPS_CAMPO GRANDE;PROCESSING_ACPS_CAMPOS DOS GOYTACAZES;PROCESSING_ACPS_CAXIAS DO SUL;PROCESSING_ACPS_CUIABA;PROCESSING_ACPS_CURITIBA;PROCESSING_ACPS_FEIRA DE SANTANA;PROCESSING_ACPS_FLORIANOPOLIS;PROCESSING_ACPS_FORTALEZA;PROCESSING_ACPS_GOIANIA;PROCESSING_ACPS_ILHEUS - ITABUNA;PROCESSING_ACPS_IPATINGA;PROCESSING_ACPS_JOAO PESSOA;PROCESSING_ACPS_JOINVILLE;PROCESSING_ACPS_JUAZEIRO DO NORTE - CRATO - BARBALHA;PROCESSING_ACPS_JUIZ DE FORA;PROCESSING_ACPS_JUNDIAI;PROCESSING_ACPS_LONDRINA;PROCESSING_ACPS_MACAPA;PROCESSING_ACPS_MACEIO;PROCESSING_ACPS_MANAUS;PROCESSING_ACPS_MARINGA;PROCESSING_ACPS_NATAL;PROCESSING_ACPS_NOVO HAMBURGO - SAO LEOPOLDO;PROCESSING_ACPS_PELOTAS - RIO GRANDE;PROCESSING_ACPS_PETROLINA - JUAZEIRO;PROCESSING_ACPS_PORTO ALEGRE;PROCESSING_ACPS_RECIFE;PROCESSING_ACPS_RIBEIRAO PRETO;PROCESSING_ACPS_RIO DE JANEIRO;PROCESSING_ACPS_SALVADOR;PROCESSING_ACPS_SANTOS;PROCESSING_ACPS_SAO JOSE DO RIO PRETO;PROCESSING_ACPS_SAO JOSE DOS CAMPOS;PROCESSING_ACPS_SAO LUIS;PROCESSING_ACPS_SAO PAULO;PROCESSING_ACPS_SOROCABA;PROCESSING_ACPS_TERESINA;PROCESSING_ACPS_UBERLANDIA;PROCESSING_ACPS_VITORIA;PROCESSING_ACPS_VOLTA REDONDA - BARRA MANSA;WAGE_IGNORE_UNEMPLOYMENT_False;WAGE_IGNORE_UNEMPLOYMENT_True
PARAMS;0.24;0.7;0.05;0.05;0.3;2.5;0.17;0.02;0.01;76.0;10.0;0.5;0.00039;1.5e-06;0.00044;0.00013;1.4e-06;1.0;0;1;0;1;0;0;1;0;0;0;0;0;0;0;0;0;0;0;0;0;0;0;0;0;0;0;0;0;0;0;0;0;0;0;0;0;0;0;0;0;0;0;0;0;0;0;0;0;0;0;1;0
PARAMS;0.24;0.7;0.05;0.05;0.3;2.5;0.17;0.02;0.01;76.0;10.0;0.5;0.00039;1.5e-06;0.00044;0.00013;1.4e-06;1.0;0;1;0;1;0;0;0;0;0;0;0;0;0;0;0;0;1;0;0;0;0;0;0;0;0;0;0;0;0;0;0;0;0;0;0;0;0;0;0;0;0;0;0;0;0;0;0;0;0;0;1;0
PARAMS;0.24;0.7;0.05;0.05;0.3;2.5;0.17;0.02;0.01;76.0;10.0;0.5;0.00039;1.5e-06;0.00044;0.00013;1.4e-06;1.0;0;1;0;1;0;0;0;0;0;0;0;0;0;0;0;0;0;0;1;0;0;0;0;0;0;0;0;0;0;0;0;0;0;0;0;0;0;0;0;0;0;0;0;0;0;0;0;0;0;0;1;0
PARAMS;0.24;0.7;0.05;0.05;0.3;2.5;0.17;0.02;0.01;76.0;10.0;0.5;0.00039;1.5e-06;0.00044;0.00013;1.4e-06;1.0;0;1;0;1;0;0;0;0;0;0;0;1;0;0;0;0;0;0;0;0;0;0;0;0;0;0;0;0;0;0;0;0;0;0;0;0;0;0;0;0;0;0;0;0;0;0;0;0;0;0;1;0
PARAMS;0.24;0.7;0.05;0.05;0.3;2.5;0.17;0.02;0.01;76.0;10.0;0.5;0.00039;1.5e-06;0.00044;0.00013;1.4e-06;1.0;0;1;0;1;0;0;0;0;0;0;0;0;0;0;0;0;0;0;0;0;0;0;0;0;0;0;0;0;1;0;0;0;0;0;0;0;0;0;0;0;0;0;0;0;0;0;0;0;0;0;1;0
PARAMS;0.24;0.7;0.05;0.05;0.3;2.5;0.17;0.02;0.01;76.0;10.0;0.5;0.00039;1.5e-06;0.00044;0.00013;1.4e-06;1.0;0;1;0;1;0;0;0;0;0;0;0;0;0;0;0;0;0;1;0;0;0;0;0;0;0;0;0;0;0;0;0;0;0;0;0;0;0;0;0;0;0;0;0;0;0;0;0;0;0;0;1;0
PARAMS;0.24;0.7;0.05;0.05;0.3;2.5;0.17;0.02;0.01;76.0;10.0;0.5;0.00039;1.5e-06;0.00044;0.00013;1.4e-06;1.0;0;1;0;1;0;0;0;0;0;0;0;0;0;0;0;0;0;0;0;0;0;0;0;0;0;0;0;0;0;0;0;0;0;0;0;0;0;0;0;0;0;0;0;0;0;0;0;0;1;0;1;0
PARAMS;0.24;0.7;0.05;0.05;0.3;2.5;0.17;0.02;0.01;76.0;10.0;0.5;0.00039;1.5e-06;0.00044;0.00013;1.4e-06;1.0;0;1;0;1;0;0;0;0;0;0;0;0;0;0;0;0;0;0;0;0;0;0;0;0;0;0;0;0;0;0;0;0;0;0;1;0;0;0;0;0;0;0;0;0;0;0;0;0;0;0;1;0
PARAMS;0.24;0.7;0.05;0.05;0.3;2.5;0.17;0.02;0.01;76.0;10.0;0.5;0.00039;1.5e-06;0.00044;0.00013;1.4e-06;1.0;0;1;0;1;0;0;0;0;0;0;0;0;0;0;0;0;0;0;0;0;0;0;0;0;0;0;0;0;0;0;0;0;0;0;0;0;0;0;0;0;1;0;0;0;0;0;0;0;0;0;1;0
PARAMS;0.24;0.7;0.05;0.05;0.3;2.5;0.17;0.02;0.01;76.0;10.0;0.5;0.00039;1.5e-06;0.00044;0.00013;1.4e-06;1.0;0;1;0;1;0;0;0;0;0;0;0;0;0;0;0;1;0;0;0;0;0;0;0;0;0;0;0;0;0;0;0;0;0;0;0;0;0;0;0;0;0;0;0;0;0;0;0;0;0;0;1;0
PARAMS;0.24;0.7;0.05;0.05;0.3;2.5;0.17;0.02;0.01;76.0;10.0;0.5;0.00039;1.5e-06;0.00044;0.00013;1.4e-06;1.0;0;1;0;1;0;0;0;1;0;0;0;0;0;0;0;0;0;0;0;0;0;0;0;0;0;0;0;0;0;0;0;0;0;0;0;0;0;0;0;0;0;0;0;0;0;0;0;0;0;0;1;0
PARAMS;0.24;0.7;0.05;0.05;0.3;2.5;0.17;0.02;0.01;76.0;10.0;0.5;0.00039;1.5e-06;0.00044;0.00013;1.4e-06;1.0;0;1;0;1;0;0;0;0;0;0;0;0;0;0;0;0;0;0;0;0;0;0;0;0;0;0;0;0;0;1;0;0;0;0;0;0;0;0;0;0;0;0;0;0;0;0;0;0;0;0;1;0
PARAMS;0.24;0.7;0.05;0.05;0.3;2.5;0.17;0.02;0.01;76.0;10.0;0.5;0.00039;1.5e-06;0.00044;0.00013;1.4e-06;1.0;0;1;0;1;0;0;0;0;0;0;0;0;0;0;0;0;0;0;0;0;0;0;0;0;0;0;0;0;0;0;0;0;0;0;0;0;0;0;0;0;0;0;1;0;0;0;0;0;0;0;1;0
PARAMS;0.24;0.7;0.05;0.05;0.3;2.5;0.17;0.02;0.01;76.0;10.0;0.5;0.00039;1.5e-06;0.00044;0.00013;1.4e-06;1.0;0;1;0;1;0;0;0;0;0;0;0;0;0;0;0;0;0;0;0;0;0;0;0;0;0;0;0;0;0;0;0;0;0;0;0;0;0;0;0;0;0;0;0;0;1;0;0;0;0;0;1;0
PARAMS;0.24;0.7;0.05;0.05;0.3;2.5;0.17;0.02;0.01;76.0;10.0;0.5;0.00039;1.5e-06;0.00044;0.00013;1.4e-06;1.0;0;1;0;1;0;0;0;0;0;0;0;0;1;0;0;0;0;0;0;0;0;0;0;0;0;0;0;0;0;0;0;0;0;0;0;0;0;0;0;0;0;0;0;0;0;0;0;0;0;0;1;0
PARAMS;0.24;0.7;0.05;0.05;0.3;2.5;0.17;0.02;0.01;76.0;10.0;0.5;0.00039;1.5e-06;0.00044;0.00013;1.4e-06;1.0;0;1;0;1;0;0;0;0;0;0;0;0;0;0;0;0;0;0;0;0;0;0;0;0;0;0;0;0;0;0;0;0;0;0;0;0;0;0;0;0;0;0;0;0;0;1;0;0;0;0;1;0
PARAMS;0.24;0.7;0.05;0.05;0.3;2.5;0.17;0.02;0.01;76.0;10.0;0.5;0.00039;1.5e-06;0.00044;0.00013;1.4e-06;1.0;0;1;0;1;0;0;0;0;0;0;0;0;0;0;0;0;0;0;0;0;0;1;0;0;0;0;0;0;0;0;0;0;0;0;0;0;0;0;0;0;0;0;0;0;0;0;0;0;0;0;1;0
PARAMS;0.24;0.7;0.05;0.05;0.3;2.5;0.17;0.02;0.01;76.0;10.0;0.5;0.00039;1.5e-06;0.00044;0.00013;1.4e-06;1.0;0;1;0;1;1;0;0;0;0;0;0;0;0;0;0;0;0;0;0;0;0;0;0;0;0;0;0;0;0;0;0;0;0;0;0;0;0;0;0;0;0;0;0;0;0;0;0;0;0;0;1;0
PARAMS;0.24;0.7;0.05;0.05;0.3;2.5;0.17;0.02;0.01;76.0;10.0;0.5;0.00039;1.5e-06;0.00044;0.00013;1.4e-06;1.0;0;1;0;1;0;0;0;0;0;0;0;0;0;0;1;0;0;0;0;0;0;0;0;0;0;0;0;0;0;0;0;0;0;0;0;0;0;0;0;0;0;0;0;0;0;0;0;0;0;0;1;0
PARAMS;0.24;0.7;0.05;0.05;0.3;2.5;0.17;0.02;0.01;76.0;10.0;0.5;0.00039;1.5e-06;0.00044;0.00013;1.4e-06;1.0;0;1;0;1;0;0;0;0;0;0;0;0;0;0;0;0;0;0;0;0;0;0;0;0;0;0;0;0;0;0;0;1;0;0;0;0;0;0;0;0;0;0;0;0;0;0;0;0;0;0;1;0
PARAMS;0.24;0.7;0.05;0.05;0.3;2.5;0.17;0.02;0.01;76.0;10.0;0.5;0.00039;1.5e-06;0.00044;0.00013;1.4e-06;1.0;0;1;0;1;0;0;0;0;0;0;0;0;0;0;0;0;0;0;0;0;0;0;0;0;0;0;0;0;0;0;0;0;0;0;0;0;0;0;0;1;0;0;0;0;0;0;0;0;0;0;1;0
PARAMS;0.24;0.7;0.05;0.05;0.3;2.5;0.17;0.02;0.01;76.0;10.0;0.5;0.00039;1.5e-06;0.00044;0.00013;1.4e-06;1.0;0;1;0;1;0;0;0;0;0;0;0;0;0;0;0;0;0;0;0;0;0;0;0;1;0;0;0;0;0;0;0;0;0;0;0;0;0;0;0;0;0;0;0;0;0;0;0;0;0;0;1;0
PARAMS;0.24;0.7;0.05;0.05;0.3;2.5;0.17;0.02;0.01;76.0;10.0;0.5;0.00039;1.5e-06;0.00044;0.00013;1.4e-06;1.0;0;1;0;1;0;0;0;0;0;0;1;0;0;0;0;0;0;0;0;0;0;0;0;0;0;0;0;0;0;0;0;0;0;0;0;0;0;0;0;0;0;0;0;0;0;0;0;0;0;0;1;0
PARAMS;0.24;0.7;0.05;0.05;0.3;2.5;0.17;0.02;0.01;76.0;10.0;0.5;0.00039;1.5e-06;0.00044;0.00013;1.4e-06;1.0;0;1;0;1;0;0;0;0;0;0;0;0;0;0;0;0;0;0;0;0;0;0;0;0;0;0;0;0;0;0;0;0;0;1;0;0;0;0;0;0;0;0;0;0;0;0;0;0;0;0;1;0
PARAMS;0.24;0.7;0.05;0.05;0.3;2.5;0.17;0.02;0.01;76.0;10.0;0.5;0.00039;1.5e-06;0.00044;0.00013;1.4e-06;1.0;0;1;0;1;0;0;0;0;0;0;0;0;0;0;0;0;0;0;0;0;0;0;0;0;0;0;0;1;0;0;0;0;0;0;0;0;0;0;0;0;0;0;0;0;0;0;0;0;0;0;1;0
PARAMS;0.24;0.7;0.05;0.05;0.3;2.5;0.17;0.02;0.01;76.0;10.0;0.5;0.00039;1.5e-06;0.00044;0.00013;1.4e-06;1.0;0;1;0;1;0;0;0;0;0;0;0;0;0;0;0;0;0;0;0;0;0;0;1;0;0;0;0;0;0;0;0;0;0;0;0;0;0;0;0;0;0;0;0;0;0;0;0;0;0;0;1;0
PARAMS;0.24;0.7;0.05;0.05;0.3;2.5;0.17;0.02;0.01;76.0;10.0;0.5;0.00039;1.5e-06;0.00044;0.00013;1.4e-06;1.0;0;1;0;1;0;0;0;0;0;0;0;0;0;0;0;0;0;0;0;0;0;0;0;0;0;0;1;0;0;0;0;0;0;0;0;0;0;0;0;0;0;0;0;0;0;0;0;0;0;0;1;0
PARAMS;0.24;0.7;0.05;0.05;0.3;2.5;0.17;0.02;0.01;76.0;10.0;0.5;0.00039;1.5e-06;0.00044;0.00013;1.4e-06;1.0;0;1;0;1;0;0;0;0;0;0;0;0;0;0;0;0;0;0;0;0;1;0;0;0;0;0;0;0;0;0;0;0;0;0;0;0;0;0;0;0;0;0;0;0;0;0;0;0;0;0;1;0
PARAMS;0.24;0.7;0.05;0.05;0.3;2.5;0.17;0.02;0.01;76.0;10.0;0.5;0.00039;1.5e-06;0.00044;0.00013;1.4e-06;1.0;0;1;0;1;0;1;0;0;0;0;0;0;0;0;0;0;0;0;0;0;0;0;0;0;0;0;0;0;0;0;0;0;0;0;0;0;0;0;0;0;0;0;0;0;0;0;0;0;0;0;1;0
PARAMS;0.24;0.7;0.05;0.05;0.3;2.5;0.17;0.02;0.01;76.0;10.0;0.5;0.00039;1.5e-06;0.00044;0.00013;1.4e-06;1.0;0;1;0;1;0;0;0;0;0;1;0;0;0;0;0;0;0;0;0;0;0;0;0;0;0;0;0;0;0;0;0;0;0;0;0;0;0;0;0;0;0;0;0;0;0;0;0;0;0;0;1;0
PARAMS;0.24;0.7;0.05;0.05;0.3;2.5;0.17;0.02;0.01;76.0;10.0;0.5;0.00039;1.5e-06;0.00044;0.00013;1.4e-06;1.0;0;1;0;1;0;0;0;0;0;0;0;0;0;0;0;0;0;0;0;1;0;0;0;0;0;0;0;0;0;0;0;0;0;0;0;0;0;0;0;0;0;0;0;0;0;0;0;0;0;0;1;0
PARAMS;0.24;0.7;0.05;0.05;0.3;2.5;0.17;0.02;0.01;76.0;10.0;0.5;0.00039;1.5e-06;0.00044;0.00013;1.4e-06;1.0;0;1;0;1;0;0;0;0;0;0;0;0;0;0;0;0;0;0;0;0;0;0;0;0;0;0;0;0;0;0;0;0;0;0;0;0;0;1;0;0;0;0;0;0;0;0;0;0;0;0;1;0
PARAMS;0.24;0.7;0.05;0.05;0.3;2.5;0.17;0.02;0.01;76.0;10.0;0.5;0.00039;1.5e-06;0.00044;0.00013;1.4e-06;1.0;0;1;0;1;0;0;0;0;0;0;0;0;0;0;0;0;0;0;0;0;0;0;0;0;0;0;0;0;0;0;0;0;0;0;0;0;0;0;0;0;0;1;0;0;0;0;0;0;0;0;1;0
PARAMS;0.24;0.7;0.05;0.05;0.3;2.5;0.17;0.02;0.01;76.0;10.0;0.5;0.00039;1.5e-06;0.00044;0.00013;1.4e-06;1.0;0;1;0;1;0;0;0;0;0;0;0;0;0;0;0;0;0;0;0;0;0;0;0;0;0;0;0;0;0;0;0;0;0;0;0;0;0;0;0;0;0;0;0;0;0;0;0;0;0;1;1;0
PARAMS;0.24;0.7;0.05;0.05;0.3;2.5;0.17;0.02;0.01;76.0;10.0;0.5;0.00039;1.5e-06;0.00044;0.00013;1.4e-06;1.0;0;1;0;1;0;0;0;0;0;0;0;0;0;0;0;0;0;0;0;0;0;0;0;0;0;0;0;0;0;0;0;0;0;0;0;0;0;0;0;0;0;0;0;0;0;0;1;0;0;0;1;0
PARAMS;0.24;0.7;0.05;0.05;0.3;2.5;0.17;0.02;0.01;76.0;10.0;0.5;0.00039;1.5e-06;0.00044;0.00013;1.4e-06;1.0;0;1;0;1;0;0;0;0;0;0;0;0;0;1;0;0;0;0;0;0;0;0;0;0;0;0;0;0;0;0;0;0;0;0;0;0;0;0;0;0;0;0;0;0;0;0;0;0;0;0;1;0
PARAMS;0.24;0.7;0.05;0.05;0.3;2.5;0.17;0.02;0.01;76.0;10.0;0.5;0.00039;1.5e-06;0.00044;0.00013;1.4e-06;1.0;0;1;0;1;0;0;0;0;0;0;0;0;0;0;0;0;0;0;0;0;0;0;0;0;0;0;0;0;0;0;0;0;0;0;0;0;0;0;0;0;0;0;0;0;0;0;0;1;0;0;1;0
PARAMS;0.24;0.7;0.05;0.05;0.3;2.5;0.17;0.02;0.01;76.0;10.0;0.5;0.00039;1.5e-06;0.00044;0.00013;1.4e-06;1.0;0;1;0;1;0;0;0;0;0;0;0;0;0;0;0;0;0;0;0;0;0;0;0;0;0;0;0;0;0;0;0;0;0;0;0;0;0;0;0;0;0;0;0;1;0;0;0;0;0;0;1;0
PARAMS;0.24;0.7;0.05;0.05;0.3;2.5;0.17;0.02;0.01;76.0;10.0;0.5;0.00039;1.5e-06;0.00044;0.00013;1.4e-06;1.0;0;1;0;1;0;0;0;0;0;0;0;0;0;0;0;0;0;0;0;0;0;0;0;0;0;0;0;0;0;0;0;0;0;0;0;0;0;0;1;0;0;0;0;0;0;0;0;0;0;0;1;0
PARAMS;0.24;0.7;0.05;0.05;0.3;2.5;0.17;0.02;0.01;76.0;10.0;0.5;0.00039;1.5e-06;0.00044;0.00013;1.4e-06;1.0;0;1;0;1;0;0;0;0;0;0;0;0;0;0;0;0;0;0;0;0;0;0;0;0;0;0;0;0;0;0;0;0;1;0;0;0;0;0;0;0;0;0;0;0;0;0;0;0;0;0;1;0
PARAMS;0.24;0.7;0.05;0.05;0.3;2.5;0.17;0.02;0.01;76.0;10.0;0.5;0.00039;1.5e-06;0.00044;0.00013;1.4e-06;1.0;0;1;0;1;0;0;0;0;1;0;0;0;0;0;0;0;0;0;0;0;0;0;0;0;0;0;0;0;0;0;0;0;0;0;0;0;0;0;0;0;0;0;0;0;0;0;0;0;0;0;1;0
PARAMS;0.24;0.7;0.05;0.05;0.3;2.5;0.17;0.02;0.01;76.0;10.0;0.5;0.00039;1.5e-06;0.00044;0.00013;1.4e-06;1.0;0;1;0;1;0;0;0;0;0;0;0;0;0;0;0;0;0;0;0;0;0;0;0;0;0;0;0;0;0;0;0;0;0;0;0;1;0;0;0;0;0;0;0;0;0;0;0;0;0;0;1;0
PARAMS;0.24;0.7;0.05;0.05;0.3;2.5;0.17;0.02;0.01;76.0;10.0;0.5;0.00039;1.5e-06;0.00044;0.00013;1.4e-06;1.0;0;1;0;1;0;0;0;0;0;0;0;0;0;0;0;0;0;0;0;0;0;0;0;0;1;0;0;0;0;0;0;0;0;0;0;0;0;0;0;0;0;0;0;0;0;0;0;0;0;0;1;0
PARAMS;0.24;0.7;0.05;0.05;0.3;2.5;0.17;0.02;0.01;76.0;10.0;0.5;0.00039;1.5e-06;0.00044;0.00013;1.4e-06;1.0;0;1;0;1;0;0;0;0;0;0;0;0;0;0;0;0;0;0;0;0;0;0;0;0;0;0;0;0;0;0;0;0;0;0;0;0;1;0;0;0;0;0;0;0;0;0;0;0;0;0;1;0
PARAMS;0.24;0.7;0.05;0.05;0.3;2.5;0.17;0.02;0.01;76.0;10.0;0.5;0.00039;1.5e-06;0.00044;0.00013;1.4e-06;1.0;0;1;0;1;0;0;0;0;0;0;0;0;0;0;0;0;0;0;0;0;0;0;0;0;0;1;0;0;0;0;0;0;0;0;0;0;0;0;0;0;0;0;0;0;0;0;0;0;0;0;1;0
PARAMS;0.24;0.7;0.05;0.05;0.3;2.5;0.17;0.02;0.01;76.0;10.0;0.5;0.00039;1.5e-06;0.00044;0.00013;1.4e-06;1.0;0;1;0;1;0;0;0;0;0;0;0;0;0;0;0;0;0;0;0;0;0;0;0;0;0;0;0;0;0;0;1;0;0;0;0;0;0;0;0;0;0;0;0;0;0;0;0;0;0;0;1;0
PARAMS;0.24;0.7;0.05;0.05;0.3;2.5;0.17;0.02;0.01;76.0;10.0;0.5;0.0004;7e-07;0.0004;0.00015;4e-07;1.0;0;1;0;1;0;0;0;0;0;0;0;0;0;0;0;0;0;0;0;0;0;0;0;0;0;0;0;0;0;0;0;0;0;0;0;1;0;0;0;0;0;0;0;0;0;0;0;0;0;0;1;0
PARAMS;0.24;0.7;0.05;0.05;0.3;2.5;0.17;0.02;0.01;76.0;10.0;0.5;0.0004;7e-07;0.0004;0.00015;4e-07;1.0;0;1;0;1;0;0;0;0;0;1;0;0;0;0;0;0;0;0;0;0;0;0;0;0;0;0;0;0;0;0;0;0;0;0;0;0;0;0;0;0;0;0;0;0;0;0;0;0;0;0;1;0
PARAMS;0.24;0.7;0.05;0.05;0.15;2.5;0.17;0.02;0.01;76.0;10.0;0.5;0.00039;1.5e-06;0.00044;0.00013;1.4e-06;1.0;0;1;0;1;0;0;0;0;0;0;0;0;0;0;0;0;0;0;0;0;0;0;0;0;0;0;0;0;0;0;0;0;0;0;0;0;0;0;0;0;0;0;0;0;0;1;0;0;0;0;1;0
PARAMS;0.24;0.7;0.05;0.05;0.15;2.5;0.17;0.02;0.01;76.0;10.0;0.5;0.00039;1.5e-06;0.00044;0.00013;1.4e-06;1.0;0;1;0;1;0;0;1;0;0;0;0;0;0;0;0;0;0;0;0;0;0;0;0;0;0;0;0;0;0;0;0;0;0;0;0;0;0;0;0;0;0;0;0;0;0;0;0;0;0;0;1;0
PARAMS;0.24;0.7;0.05;0.05;0.15;2.5;0.0;0.02;0.01;76.0;10.0;0.5;0.00039;1.5e-06;0.00044;0.00013;1.4e-06;1.0;0;1;0;1;0;0;0;1;0;0;0;0;0;0;0;0;0;0;0;0;0;0;0;0;0;0;0;0;0;0;0;0;0;0;0;0;0;0;0;0;0;0;0;0;0;0;0;0;0;0;1;0
PARAMS;0.24;0.7;0.05;0.05;0.15;2.5;1.0;0.02;0.01;76.0;10.0;0.5;0.00039;1.5e-06;0.00044;0.00013;1.4e-06;1.0;0;1;0;1;0;0;0;1;0;0;0;0;0;0;0;0;0;0;0;0;0;0;0;0;0;0;0;0;0;0;0;0;0;0;0;0;0;0;0;0;0;0;0;0;0;0;0;0;0;0;1;0
PARAMS;0.24;0.7;0.05;0.05;0.15;2.5;0.5;0.02;0.01;76.0;10.0;0.5;0.00039;1.5e-06;0.00044;0.00013;1.4e-06;1.0;0;1;0;1;0;0;0;1;0;0;0;0;0;0;0;0;0;0;0;0;0;0;0;0;0;0;0;0;0;0;0;0;0;0;0;0;0;0;0;0;0;0;0;0;0;0;0;0;0;0;1;0
PARAMS;0.24;0.7;0.05;0.05;0.15;2.5;0.17;0.02;0.01;76.0;10.0;0.5;0.00039;1.5e-06;0.00044;0.00013;1.4e-06;1.0;0;1;0;1;0;0;0;1;0;0;0;0;0;0;0;0;0;0;0;0;0;0;0;0;0;0;0;0;0;0;0;0;0;0;0;0;0;0;0;0;0;0;0;0;0;0;0;0;0;0;1;0
PARAMS;0.24;0.7;0.05;0.05;0.15;2.5;0.33;0.02;0.01;76.0;10.0;0.5;0.00039;1.5e-06;0.00044;0.00013;1.4e-06;1.0;0;1;0;1;0;0;0;1;0;0;0;0;0;0;0;0;0;0;0;0;0;0;0;0;0;0;0;0;0;0;0;0;0;0;0;0;0;0;0;0;0;0;0;0;0;0;0;0;0;0;1;0
PARAMS;0.24;0.7;0.05;0.05;0.15;2.5;0.67;0.02;0.01;76.0;10.0;0.5;0.00039;1.5e-06;0.00044;0.00013;1.4e-06;1.0;0;1;0;1;0;0;0;1;0;0;0;0;0;0;0;0;0;0;0;0;0;0;0;0;0;0;0;0;0;0;0;0;0;0;0;0;0;0;0;0;0;0;0;0;0;0;0;0;0;0;1;0
PARAMS;0.24;0.7;0.05;0.05;0.15;2.5;0.83;0.02;0.01;76.0;10.0;0.5;0.00039;1.5e-06;0.00044;0.00013;1.4e-06;1.0;0;1;0;1;0;0;0;1;0;0;0;0;0;0;0;0;0;0;0;0;0;0;0;0;0;0;0;0;0;0;0;0;0;0;0;0;0;0;0;0;0;0;0;0;0;0;0;0;0;0;1;0
PARAMS;0.24;0.65;0.05;0.05;0.15;2.5;0.17;0.02;0.01;76.0;10.0;0.5;0.00039;1.5e-06;0.00044;0.00013;1.4e-06;1.0;0;1;0;1;0;0;0;0;0;0;0;0;0;0;0;0;0;0;0;0;0;0;0;0;0;0;0;0;0;0;0;0;0;0;0;1;0;0;0;0;0;0;0;0;0;0;0;0;0;0;1;0
PARAMS;0.24;0.95;0.05;0.05;0.15;2.5;0.17;0.02;0.01;76.0;10.0;0.5;0.00039;1.5e-06;0.00044;0.00013;1.4e-06;1.0;0;1;0;1;0;0;0;0;0;0;0;0;0;0;0;0;0;0;0;0;0;0;0;0;0;0;0;0;0;0;0;0;0;0;0;1;0;0;0;0;0;0;0;0;0;0;0;0;0;0;1;0
PARAMS;0.24;0.57;0.05;0.05;0.15;2.5;0.17;0.02;0.01;76.0;10.0;0.5;0.00039;1.5e-06;0.00044;0.00013;1.4e-06;1.0;0;1;0;1;0;0;0;0;0;0;0;0;0;0;0;0;0;0;0;0;0;0;0;0;0;0;0;0;0;0;0;0;0;0;0;1;0;0;0;0;0;0;0;0;0;0;0;0;0;0;1;0
PARAMS;0.24;0.88;0.05;0.05;0.15;2.5;0.17;0.02;0.01;76.0;10.0;0.5;0.00039;1.5e-06;0.00044;0.00013;1.4e-06;1.0;0;1;0;1;0;0;0;0;0;0;0;0;0;0;0;0;0;0;0;0;0;0;0;0;0;0;0;0;0;0;0;0;0;0;0;1;0;0;0;0;0;0;0;0;0;0;0;0;0;0;1;0
PARAMS;0.24;0.5;0.05;0.05;0.15;2.5;0.17;0.02;0.01;76.0;10.0;0.5;0.00039;1.5e-06;0.00044;0.00013;1.4e-06;1.0;0;1;0;1;0;0;0;0;0;0;0;0;0;0;0;0;0;0;0;0;0;0;0;0;0;0;0;0;0;0;0;0;0;0;0;1;0;0;0;0;0;0;0;0;0;0;0;0;0;0;1;0
PARAMS;0.24;0.72;0.05;0.05;0.15;2.5;0.17;0.02;0.01;76.0;10.0;0.5;0.00039;1.5e-06;0.00044;0.00013;1.4e-06;1.0;0;1;0;1;0;0;0;0;0;0;0;0;0;0;0;0;0;0;0;0;0;0;0;0;0;0;0;0;0;0;0;0;0;0;0;1;0;0;0;0;0;0;0;0;0;0;0;0;0;0;1;0
PARAMS;0.24;0.8;0.05;0.05;0.15;2.5;0.17;0.02;0.01;76.0;10.0;0.5;0.00039;1.5e-06;0.00044;0.00013;1.4e-06;1.0;0;1;0;1;0;0;0;0;0;0;0;0;0;0;0;0;0;0;0;0;0;0;0;0;0;0;0;0;0;0;0;0;0;0;0;1;0;0;0;0;0;0;0;0;0;0;0;0;0;0;1;0
PARAMS;0.24;0.7;0.05;0.05;0.15;2.5;0.17;0.02;0.01;76.0;10.0;0.5;0.00039;1.5e-06;0.00044;0.00013;1e-08;1.0;0;1;0;1;0;0;0;0;0;0;0;0;0;0;0;0;0;0;0;0;0;0;0;0;0;0;0;0;0;0;0;0;0;0;0;1;0;0;0;0;0;0;0;0;0;0;0;0;0;0;1;0
PARAMS;0.24;0.7;0.05;0.05;0.15;2.5;0.17;0.02;0.01;76.0;10.0;0.5;0.00039;1.5e-06;0.00044;0.00013;2.01e-06;1.0;0;1;0;1;0;0;0;0;0;0;0;0;0;0;0;0;0;0;0;0;0;0;0;0;0;0;0;0;0;0;0;0;0;0;0;1;0;0;0;0;0;0;0;0;0;0;0;0;0;0;1;0
PARAMS;0.24;0.7;0.05;0.05;0.15;2.5;0.17;0.02;0.01;76.0;10.0;0.5;0.00039;1.5e-06;0.00044;0.00013;8.01e-06;1.0;0;1;0;1;0;0;0;0;0;0;0;0;0;0;0;0;0;0;0;0;0;0;0;0;0;0;0;0;0;0;0;0;0;0;0;1;0;0;0;0;0;0;0;0;0;0;0;0;0;0;1;0
PARAMS;0.24;0.7;0.05;0.05;0.15;2.5;0.17;0.02;0.01;76.0;10.0;0.5;0.00039;1.5e-06;0.00044;0.00013;4.01e-06;1.0;0;1;0;1;0;0;0;0;0;0;0;0;0;0;0;0;0;0;0;0;0;0;0;0;0;0;0;0;0;0;0;0;0;0;0;1;0;0;0;0;0;0;0;0;0;0;0;0;0;0;1;0
PARAMS;0.24;0.7;0.05;0.05;0.15;2.5;0.17;0.02;0.01;76.0;10.0;0.5;0.00039;1.5e-06;0.00044;0.00013;1.0009999999999999e-05;1.0;0;1;0;1;0;0;0;0;0;0;0;0;0;0;0;0;0;0;0;0;0;0;0;0;0;0;0;0;0;0;0;0;0;0;0;1;0;0;0;0;0;0;0;0;0;0;0;0;0;0;1;0
PARAMS;0.24;0.7;0.05;0.05;0.15;2.5;0.17;0.02;0.01;76.0;10.0;0.5;0.00039;1.5e-06;0.00044;0.00013;6.01e-06;1.0;0;1;0;1;0;0;0;0;0;0;0;0;0;0;0;0;0;0;0;0;0;0;0;0;0;0;0;0;0;0;0;0;0;0;0;1;0;0;0;0;0;0;0;0;0;0;0;0;0;0;1;0
PARAMS;0.05;0.7;0.05;0.05;0.15;2.5;0.17;0.02;0.01;76.0;10.0;0.5;0.00039;1.5e-06;0.00044;0.00013;1.4e-06;1.0;0;1;0;1;0;0;0;0;0;0;0;0;0;0;1;0;0;0;0;0;0;0;0;0;0;0;0;0;0;0;0;0;0;0;0;0;0;0;0;0;0;0;0;0;0;0;0;0;0;0;1;0
PARAMS;0.95;0.7;0.05;0.05;0.15;2.5;0.17;0.02;0.01;76.0;10.0;0.5;0.00039;1.5e-06;0.00044;0.00013;1.4e-06;1.0;0;1;0;1;0;0;0;0;0;0;0;0;0;0;1;0;0;0;0;0;0;0;0;0;0;0;0;0;0;0;0;0;0;0;0;0;0;0;0;0;0;0;0;0;0;0;0;0;0;0;1;0
PARAMS;0.5;0.7;0.05;0.05;0.15;2.5;0.17;0.02;0.01;76.0;10.0;0.5;0.00039;1.5e-06;0.00044;0.00013;1.4e-06;1.0;0;1;0;1;0;0;0;0;0;0;0;0;0;0;1;0;0;0;0;0;0;0;0;0;0;0;0;0;0;0;0;0;0;0;0;0;0;0;0;0;0;0;0;0;0;0;0;0;0;0;1;0
PARAMS;0.65;0.7;0.05;0.05;0.15;2.5;0.17;0.02;0.01;76.0;10.0;0.5;0.00039;1.5e-06;0.00044;0.00013;1.4e-06;1.0;0;1;0;1;0;0;0;0;0;0;0;0;0;0;1;0;0;0;0;0;0;0;0;0;0;0;0;0;0;0;0;0;0;0;0;0;0;0;0;0;0;0;0;0;0;0;0;0;0;0;1;0
PARAMS;0.8;0.7;0.05;0.05;0.15;2.5;0.17;0.02;0.01;76.0;10.0;0.5;0.00039;1.5e-06;0.00044;0.00013;1.4e-06;1.0;0;1;0;1;0;0;0;0;0;0;0;0;0;0;1;0;0;0;0;0;0;0;0;0;0;0;0;0;0;0;0;0;0;0;0;0;0;0;0;0;0;0;0;0;0;0;0;0;0;0;1;0
PARAMS;0.35;0.7;0.05;0.05;0.15;2.5;0.17;0.02;0.01;76.0;10.0;0.5;0.00039;1.5e-06;0.00044;0.00013;1.4e-06;1.0;0;1;0;1;0;0;0;0;0;0;0;0;0;0;1;0;0;0;0;0;0;0;0;0;0;0;0;0;0;0;0;0;0;0;0;0;0;0;0;0;0;0;0;0;0;0;0;0;0;0;1;0
PARAMS;0.2;0.7;0.05;0.05;0.15;2.5;0.17;0.02;0.01;76.0;10.0;0.5;0.00039;1.5e-06;0.00044;0.00013;1.4e-06;1.0;0;1;0;1;0;0;0;0;0;0;0;0;0;0;1;0;0;0;0;0;0;0;0;0;0;0;0;0;0;0;0;0;0;0;0;0;0;0;0;0;0;0;0;0;0;0;0;0;0;0;1;0
PARAMS;0.24;0.7;0.05;0.05;0.15;2.5;0.17;0.02;0.01;76.0;10.0;0.5;0.00039;1.5e-06;0.00044;0.00021;1.4e-06;1.0;0;1;0;1;0;0;0;0;0;0;0;0;0;0;0;0;0;0;0;0;0;0;0;0;0;0;0;0;0;0;0;0;0;0;0;1;0;0;0;0;0;0;0;0;0;0;0;0;0;0;1;0
PARAMS;0.24;0.7;0.05;0.05;0.15;2.5;0.17;0.02;0.01;76.0;10.0;0.5;0.00039;1.5e-06;0.00044;0.0008100000000000001;1.4e-06;1.0;0;1;0;1;0;0;0;0;0;0;0;0;0;0;0;0;0;0;0;0;0;0;0;0;0;0;0;0;0;0;0;0;0;0;0;1;0;0;0;0;0;0;0;0;0;0;0;0;0;0;1;0
PARAMS;0.24;0.7;0.05;0.05;0.15;2.5;0.17;0.02;0.01;76.0;10.0;0.5;0.00039;1.5e-06;0.00044;0.0006100000000000001;1.4e-06;1.0;0;1;0;1;0;0;0;0;0;0;0;0;0;0;0;0;0;0;0;0;0;0;0;0;0;0;0;0;0;0;0;0;0;0;0;1;0;0;0;0;0;0;0;0;0;0;0;0;0;0;1;0
PARAMS;0.24;0.7;0.05;0.05;0.15;2.5;0.17;0.02;0.01;76.0;10.0;0.5;0.00039;1.5e-06;0.00044;1e-05;1.4e-06;1.0;0;1;0;1;0;0;0;0;0;0;0;0;0;0;0;0;0;0;0;0;0;0;0;0;0;0;0;0;0;0;0;0;0;0;0;1;0;0;0;0;0;0;0;0;0;0;0;0;0;0;1;0
PARAMS;0.24;0.7;0.05;0.05;0.15;2.5;0.17;0.02;0.01;76.0;10.0;0.5;0.00039;1.5e-06;0.00044;0.00101;1.4e-06;1.0;0;1;0;1;0;0;0;0;0;0;0;0;0;0;0;0;0;0;0;0;0;0;0;0;0;0;0;0;0;0;0;0;0;0;0;1;0;0;0;0;0;0;0;0;0;0;0;0;0;0;1;0
PARAMS;0.24;0.7;0.05;0.05;0.15;2.5;0.17;0.02;0.01;76.0;10.0;0.5;0.00039;1.5e-06;0.00044;0.00041000000000000005;1.4e-06;1.0;0;1;0;1;0;0;0;0;0;0;0;0;0;0;0;0;0;0;0;0;0;0;0;0;0;0;0;0;0;0;0;0;0;0;0;1;0;0;0;0;0;0;0;0;0;0;0;0;0;0;1;0
PARAMS;0.24;0.7;0.09;0.05;0.3;2.5;0.17;0.01;0.005;121.0;2.0;0.5;0.0026;0.004;0.0012;0.00062;6.8e-06;0.1;0;1;0;1;0;0;0;1;0;0;0;0;0;0;0;0;0;0;0;0;0;0;0;0;0;0;0;0;0;0;0;0;0;0;0;0;0;0;0;0;0;0;0;0;0;0;0;0;0;0;1;0
PARAMS;0.24;0.7;0.09;0.05;0.3;2.5;0.17;0.01;0.005;121.0;6.0;0.5;0.0026;0.004;0.0012;0.00062;6.8e-06;0.1;0;1;0;1;0;0;0;1;0;0;0;0;0;0;0;0;0;0;0;0;0;0;0;0;0;0;0;0;0;0;0;0;0;0;0;0;0;0;0;0;0;0;0;0;0;0;0;0;0;0;1;0
PARAMS;0.24;0.7;0.09;0.05;0.3;2.5;0.17;0.01;0.005;121.0;22.0;0.5;0.0026;0.004;0.0012;0.00062;6.8e-06;0.1;0;1;0;1;0;0;0;1;0;0;0;0;0;0;0;0;0;0;0;0;0;0;0;0;0;0;0;0;0;0;0;0;0;0;0;0;0;0;0;0;0;0;0;0;0;0;0;0;0;0;1;0
PARAMS;0.24;0.7;0.09;0.05;0.3;2.5;0.17;0.01;0.005;121.0;10.0;0.5;0.0026;0.004;0.0012;0.00062;6.8e-06;0.1;0;1;0;1;0;0;0;1;0;0;0;0;0;0;0;0;0;0;0;0;0;0;0;0;0;0;0;0;0;0;0;0;0;0;0;0;0;0;0;0;0;0;0;0;0;0;0;0;0;0;1;0
PARAMS;0.24;0.7;0.09;0.05;0.3;2.5;0.17;0.01;0.005;121.0;26.0;0.5;0.0026;0.004;0.0012;0.00062;6.8e-06;0.1;0;1;0;1;0;0;0;1;0;0;0;0;0;0;0;0;0;0;0;0;0;0;0;0;0;0;0;0;0;0;0;0;0;0;0;0;0;0;0;0;0;0;0;0;0;0;0;0;0;0;1;0
PARAMS;0.24;0.7;0.09;0.05;0.3;2.5;0.17;0.01;0.005;121.0;14.0;0.5;0.0026;0.004;0.0012;0.00062;6.8e-06;0.1;0;1;0;1;0;0;0;1;0;0;0;0;0;0;0;0;0;0;0;0;0;0;0;0;0;0;0;0;0;0;0;0;0;0;0;0;0;0;0;0;0;0;0;0;0;0;0;0;0;0;1;0
PARAMS;0.24;0.7;0.09;0.05;0.3;2.5;0.17;0.01;0.005;121.0;30.0;0.5;0.0026;0.004;0.0012;0.00062;6.8e-06;0.1;0;1;0;1;0;0;0;1;0;0;0;0;0;0;0;0;0;0;0;0;0;0;0;0;0;0;0;0;0;0;0;0;0;0;0;0;0;0;0;0;0;0;0;0;0;0;0;0;0;0;1;0
PARAMS;0.24;0.7;0.09;0.05;0.3;2.5;0.17;0.01;0.005;121.0;18.0;0.5;0.0026;0.004;0.0012;0.00062;6.8e-06;0.1;0;1;0;1;0;0;0;1;0;0;0;0;0;0;0;0;0;0;0;0;0;0;0;0;0;0;0;0;0;0;0;0;0;0;0;0;0;0;0;0;0;0;0;0;0;0;0;0;0;0;1;0
PARAMS;0.24;0.7;0.09;0.1;0.15;2.5;0.17;0.01;0.005;76.0;10.0;0.6;2.6e-05;4e-06;1.2e-05;6.2e-06;6.8e-08;0.1;0;1;0;1;0;0;0;1;0;0;0;0;0;0;0;0;0;0;0;0;0;0;0;0;0;0;0;0;0;0;0;0;0;0;0;0;0;0;0;0;0;0;0;0;0;0;0;0;0;0;1;0
PARAMS;0.24;0.7;0.09;0.1;0.15;2.5;0.17;0.02;0.005;76.0;10.0;0.6;2.6e-05;4e-06;1.2e-05;6.2e-06;6.8e-08;0.1;0;1;0;1;0;0;0;1;0;0;0;0;0;0;0;0;0;0;0;0;0;0;0;0;0;0;0;0;0;0;0;0;0;0;0;0;0;0;0;0;0;0;0;0;0;0;0;0;0;0;1;0
PARAMS;0.24;0.7;0.09;0.1;0.15;2.5;0.17;0.03;0.005;76.0;10.0;0.6;2.6e-05;4e-06;1.2e-05;6.2e-06;6.8e-08;0.1;0;1;0;1;0;0;0;1;0;0;0;0;0;0;0;0;0;0;0;0;0;0;0;0;0;0;0;0;0;0;0;0;0;0;0;0;0;0;0;0;0;0;0;0;0;0;0;0;0;0;1;0
PARAMS;0.24;0.7;0.09;0.1;0.15;2.5;0.17;0.04;0.005;76.0;10.0;0.6;2.6e-05;4e-06;1.2e-05;6.2e-06;6.8e-08;0.1;0;1;0;1;0;0;0;1;0;0;0;0;0;0;0;0;0;0;0;0;0;0;0;0;0;0;0;0;0;0;0;0;0;0;0;0;0;0;0;0;0;0;0;0;0;0;0;0;0;0;1;0
PARAMS;0.24;0.7;0.09;0.1;0.15;2.5;0.17;0.05;0.005;76.0;10.0;0.6;2.6e-05;4e-06;1.2e-05;6.2e-06;6.8e-08;0.1;0;1;0;1;0;0;0;1;0;0;0;0;0;0;0;0;0;0;0;0;0;0;0;0;0;0;0;0;0;0;0;0;0;0;0;0;0;0;0;0;0;0;0;0;0;0;0;0;0;0;1;0
PARAMS;0.24;0.7;0.09;0.05;0.3;3.0;0.17;0.01;0.005;121.0;10.0;0.5;0.0026;0.004;0.0012;0.00062;6.8e-06;0.1;0;1;0;1;0;0;0;1;0;0;0;0;0;0;0;0;0;0;0;0;0;0;0;0;0;0;0;0;0;0;0;0;0;0;0;0;0;0;0;0;0;0;0;0;0;0;0;0;0;0;1;0
PARAMS;0.24;0.7;0.09;0.05;0.3;5.0;0.17;0.01;0.005;121.0;10.0;0.5;0.0026;0.004;0.0012;0.00062;6.8e-06;0.1;0;1;0;1;0;0;0;1;0;0;0;0;0;0;0;0;0;0;0;0;0;0;0;0;0;0;0;0;0;0;0;0;0;0;0;0;0;0;0;0;0;0;0;0;0;0;0;0;0;0;1;0
PARAMS;0.24;0.7;0.09;0.05;0.3;2.0;0.17;0.01;0.005;121.0;10.0;0.5;0.0026;0.004;0.0012;0.00062;6.8e-06;0.1;0;1;0;1;0;0;0;1;0;0;0;0;0;0;0;0;0;0;0;0;0;0;0;0;0;0;0;0;0;0;0;0;0;0;0;0;0;0;0;0;0;0;0;0;0;0;0;0;0;0;1;0
PARAMS;0.24;0.7;0.09;0.05;0.3;4.0;0.17;0.01;0.005;121.0;10.0;0.5;0.0026;0.004;0.0012;0.00062;6.8e-06;0.1;0;1;0;1;0;0;0;1;0;0;0;0;0;0;0;0;0;0;0;0;0;0;0;0;0;0;0;0;0;0;0;0;0;0;0;0;0;0;0;0;0;0;0;0;0;0;0;0;0;0;1;0
PARAMS;0.24;0.7;0.09;0.05;0.3;1.0;0.17;0.01;0.005;121.0;10.0;0.5;0.0026;0.004;0.0012;0.00062;6.8e-06;0.1;0;1;0;1;0;0;0;1;0;0;0;0;0;0;0;0;0;0;0;0;0;0;0;0;0;0;0;0;0;0;0;0;0;0;0;0;0;0;0;0;0;0;0;0;0;0;0;0;0;0;1;0
PARAMS;0.24;0.7;0.05;0.05;0.15;2.5;0.17;0.02;0.01;76.0;10.0;0.5;0.0006100000000000001;1.5e-06;0.00044;0.00013;1.4e-06;1.0;0;1;0;1;0;0;0;0;0;0;0;0;0;0;0;0;0;0;0;0;0;0;0;0;0;0;0;0;0;0;0;0;0;0;0;1;0;0;0;0;0;0;0;0;0;0;0;0;0;0;1;0
PARAMS;0.24;0.7;0.05;0.05;0.15;2.5;0.17;0.02;0.01;76.0;10.0;0.5;1e-05;1.5e-06;0.00044;0.00013;1.4e-06;1.0;0;1;0;1;0;0;0;0;0;0;0;0;0;0;0;0;0;0;0;0;0;0;0;0;0;0;0;0;0;0;0;0;0;0;0;1;0;0;0;0;0;0;0;0;0;0;0;0;0;0;1;0
PARAMS;0.24;0.7;0.05;0.05;0.15;2.5;0.17;0.02;0.01;76.0;10.0;0.5;0.0008100000000000001;1.5e-06;0.00044;0.00013;1.4e-06;1.0;0;1;0;1;0;0;0;0;0;0;0;0;0;0;0;0;0;0;0;0;0;0;0;0;0;0;0;0;0;0;0;0;0;0;0;1;0;0;0;0;0;0;0;0;0;0;0;0;0;0;1;0
PARAMS;0.24;0.7;0.05;0.05;0.15;2.5;0.17;0.02;0.01;76.0;10.0;0.5;0.00021;1.5e-06;0.00044;0.00013;1.4e-06;1.0;0;1;0;1;0;0;0;0;0;0;0;0;0;0;0;0;0;0;0;0;0;0;0;0;0;0;0;0;0;0;0;0;0;0;0;1;0;0;0;0;0;0;0;0;0;0;0;0;0;0;1;0
PARAMS;0.24;0.7;0.05;0.05;0.15;2.5;0.17;0.02;0.01;76.0;10.0;0.5;0.00101;1.5e-06;0.00044;0.00013;1.4e-06;1.0;0;1;0;1;0;0;0;0;0;0;0;0;0;0;0;0;0;0;0;0;0;0;0;0;0;0;0;0;0;0;0;0;0;0;0;1;0;0;0;0;0;0;0;0;0;0;0;0;0;0;1;0
PARAMS;0.24;0.7;0.05;0.05;0.15;2.5;0.17;0.02;0.01;76.0;10.0;0.5;0.00041000000000000005;1.5e-06;0.00044;0.00013;1.4e-06;1.0;0;1;0;1;0;0;0;0;0;0;0;0;0;0;0;0;0;0;0;0;0;0;0;0;0;0;0;0;0;0;0;0;0;0;0;1;0;0;0;0;0;0;0;0;0;0;0;0;0;0;1;0
PARAMS;0.24;0.7;0.05;0.05;0.15;2.5;0.17;0.02;0.01;76.0;10.0;0.5;0.00039;1.5e-06;0.00044;0.00013;1.4e-06;1.0;0;1;0;1;0;0;0;1;0;0;0;0;0;0;0;0;0;0;0;0;0;0;0;0;0;0;0;0;0;0;0;0;0;0;0;0;0;0;0;0;0;0;0;0;0;0;0;0;0;0;1;0
PARAMS;0.24;0.7;0.05;0.05;0.15;2.5;0.17;0.02;0.01;76.0;10.0;0.8;0.00039;1.5e-06;0.00044;0.00013;1.4e-06;1.0;0;1;0;1;0;0;0;1;0;0;0;0;0;0;0;0;0;0;0;0;0;0;0;0;0;0;0;0;0;0;0;0;0;0;0;0;0;0;0;0;0;0;0;0;0;0;0;0;0;0;1;0
PARAMS;0.24;0.7;0.05;0.05;0.15;2.5;0.17;0.02;0.01;76.0;10.0;0.2;0.00039;1.5e-06;0.00044;0.00013;1.4e-06;1.0;0;1;0;1;0;0;0;1;0;0;0;0;0;0;0;0;0;0;0;0;0;0;0;0;0;0;0;0;0;0;0;0;0;0;0;0;0;0;0;0;0;0;0;0;0;0;0;0;0;0;1;0
PARAMS;0.24;0.7;0.05;0.05;0.15;2.5;0.17;0.02;0.01;76.0;10.0;0.35;0.00039;1.5e-06;0.00044;0.00013;1.4e-06;1.0;0;1;0;1;0;0;0;1;0;0;0;0;0;0;0;0;0;0;0;0;0;0;0;0;0;0;0;0;0;0;0;0;0;0;0;0;0;0;0;0;0;0;0;0;0;0;0;0;0;0;1;0
PARAMS;0.24;0.7;0.05;0.05;0.15;2.5;0.17;0.02;0.01;76.0;10.0;0.05;0.00039;1.5e-06;0.00044;0.00013;1.4e-06;1.0;0;1;0;1;0;0;0;1;0;0;0;0;0;0;0;0;0;0;0;0;0;0;0;0;0;0;0;0;0;0;0;0;0;0;0;0;0;0;0;0;0;0;0;0;0;0;0;0;0;0;1;0
PARAMS;0.24;0.7;0.05;0.05;0.15;2.5;0.17;0.02;0.01;76.0;10.0;0.65;0.00039;1.5e-06;0.00044;0.00013;1.4e-06;1.0;0;1;0;1;0;0;0;1;0;0;0;0;0;0;0;0;0;0;0;0;0;0;0;0;0;0;0;0;0;0;0;0;0;0;0;0;0;0;0;0;0;0;0;0;0;0;0;0;0;0;1;0
PARAMS;0.24;0.7;0.05;0.05;0.15;2.5;0.17;0.02;0.01;76.0;10.0;0.95;0.00039;1.5e-06;0.00044;0.00013;1.4e-06;1.0;0;1;0;1;0;0;0;1;0;0;0;0;0;0;0;0;0;0;0;0;0;0;0;0;0;0;0;0;0;0;0;0;0;0;0;0;0;0;0;0;0;0;0;0;0;0;0;0;0;0;1;0
PARAMS;0.24;0.7;0.05;0.05;0.3;2.5;0.0;0.02;0.01;76.0;10.0;0.5;0.00039;1.5e-06;0.00044;0.00013;1.4e-06;1.0;0;1;0;1;0;0;1;0;0;0;0;0;0;0;0;0;0;0;0;0;0;0;0;0;0;0;0;0;0;0;0;0;0;0;0;0;0;0;0;0;0;0;0;0;0;0;0;0;0;0;1;0
PARAMS;0.24;0.7;0.05;0.05;0.3;2.5;0.75;0.02;0.01;76.0;10.0;0.5;0.00039;1.5e-06;0.00044;0.00013;1.4e-06;1.0;0;1;0;1;0;0;1;0;0;0;0;0;0;0;0;0;0;0;0;0;0;0;0;0;0;0;0;0;0;0;0;0;0;0;0;0;0;0;0;0;0;0;0;0;0;0;0;0;0;0;1;0
PARAMS;0.24;0.7;0.05;0.05;0.3;2.5;1.0;0.02;0.01;76.0;10.0;0.5;0.00039;1.5e-06;0.00044;0.00013;1.4e-06;1.0;0;1;0;1;0;0;1;0;0;0;0;0;0;0;0;0;0;0;0;0;0;0;0;0;0;0;0;0;0;0;0;0;0;0;0;0;0;0;0;0;0;0;0;0;0;0;0;0;0;0;1;0
PARAMS;0.24;0.7;0.05;0.05;0.3;2.5;0.5;0.02;0.01;76.0;10.0;0.5;0.00039;1.5e-06;0.00044;0.00013;1.4e-06;1.0;0;1;0;1;0;0;1;0;0;0;0;0;0;0;0;0;0;0;0;0;0;0;0;0;0;0;0;0;0;0;0;0;0;0;0;0;0;0;0;0;0;0;0;0;0;0;0;0;0;0;1;0
PARAMS;0.24;0.7;0.05;0.05;0.3;2.5;0.25;0.02;0.01;76.0;10.0;0.5;0.00039;1.5e-06;0.00044;0.00013;1.4e-06;1.0;0;1;0;1;0;0;1;0;0;0;0;0;0;0;0;0;0;0;0;0;0;0;0;0;0;0;0;0;0;0;0;0;0;0;0;0;0;0;0;0;0;0;0;0;0;0;0;0;0;0;1;0
PARAMS;0.24;0.7;0.05;0.05;0.15;2.5;0.17;0.02;0.01;34.0;10.0;0.5;0.00039;1.5e-06;0.00044;0.00013;1.4e-06;1.0;0;1;0;1;0;0;0;0;0;0;0;0;0;0;0;0;0;0;0;0;0;0;0;0;0;0;0;0;0;0;0;0;0;0;0;1;0;0;0;0;0;0;0;0;0;0;0;0;0;0;1;0
PARAMS;0.24;0.7;0.05;0.05;0.15;2.5;0.17;0.02;0.01;50.5;10.0;0.5;0.00039;1.5e-06;0.00044;0.00013;1.4e-06;1.0;0;1;0;1;0;0;0;0;0;0;0;0;0;0;0;0;0;0;0;0;0;0;0;0;0;0;0;0;0;0;0;0;0;0;0;1;0;0;0;0;0;0;0;0;0;0;0;0;0;0;1;0
PARAMS;0.24;0.7;0.05;0.05;0.15;2.5;0.17;0.02;0.01;1.0;10.0;0.5;0.00039;1.5e-06;0.00044;0.00013;1.4e-06;1.0;0;1;0;1;0;0;0;0;0;0;0;0;0;0;0;0;0;0;0;0;0;0;0;0;0;0;0;0;0;0;0;0;0;0;0;1;0;0;0;0;0;0;0;0;0;0;0;0;0;0;1;0
PARAMS;0.24;0.7;0.05;0.05;0.15;2.5;0.17;0.02;0.01;100.0;10.0;0.5;0.00039;1.5e-06;0.00044;0.00013;1.4e-06;1.0;0;1;0;1;0;0;0;0;0;0;0;0;0;0;0;0;0;0;0;0;0;0;0;0;0;0;0;0;0;0;0;0;0;0;0;1;0;0;0;0;0;0;0;0;0;0;0;0;0;0;1;0
PARAMS;0.24;0.7;0.05;0.05;0.15;2.5;0.17;0.02;0.01;83.5;10.0;0.5;0.00039;1.5e-06;0.00044;0.00013;1.4e-06;1.0;0;1;0;1;0;0;0;0;0;0;0;0;0;0;0;0;0;0;0;0;0;0;0;0;0;0;0;0;0;0;0;0;0;0;0;1;0;0;0;0;0;0;0;0;0;0;0;0;0;0;1;0
PARAMS;0.24;0.7;0.05;0.05;0.15;2.5;0.17;0.02;0.01;17.5;10.0;0.5;0.00039;1.5e-06;0.00044;0.00013;1.4e-06;1.0;0;1;0;1;0;0;0;0;0;0;0;0;0;0;0;0;0;0;0;0;0;0;0;0;0;0;0;0;0;0;0;0;0;0;0;1;0;0;0;0;0;0;0;0;0;0;0;0;0;0;1;0
PARAMS;0.24;0.7;0.05;0.05;0.15;2.5;0.17;0.02;0.01;67.0;10.0;0.5;0.00039;1.5e-06;0.00044;0.00013;1.4e-06;1.0;0;1;0;1;0;0;0;0;0;0;0;0;0;0;0;0;0;0;0;0;0;0;0;0;0;0;0;0;0;0;0;0;0;0;0;1;0;0;0;0;0;0;0;0;0;0;0;0;0;0;1;0
PARAMS;0.24;0.7;0.05;0.5;0.15;2.5;0.17;0.02;0.01;76.0;10.0;0.5;0.00039;1.5e-06;0.00044;0.00013;1.4e-06;1.0;0;1;0;1;0;0;0;0;0;0;0;0;0;0;0;0;0;0;0;0;0;0;0;0;0;0;0;0;0;0;0;0;0;0;0;1;0;0;0;0;0;0;0;0;0;0;0;0;0;0;1;0
PARAMS;0.24;0.7;0.05;0.34;0.15;2.5;0.17;0.02;0.01;76.0;10.0;0.5;0.00039;1.5e-06;0.00044;0.00013;1.4e-06;1.0;0;1;0;1;0;0;0;0;0;0;0;0;0;0;0;0;0;0;0;0;0;0;0;0;0;0;0;0;0;0;0;0;0;0;0;1;0;0;0;0;0;0;0;0;0;0;0;0;0;0;1;0
PARAMS;0.24;0.7;0.05;0.01;0.15;2.5;0.17;0.02;0.01;76.0;10.0;0.5;0.00039;1.5e-06;0.00044;0.00013;1.4e-06;1.0;0;1;0;1;0;0;0;0;0;0;0;0;0;0;0;0;0;0;0;0;0;0;0;0;0;0;0;0;0;0;0;0;0;0;0;1;0;0;0;0;0;0;0;0;0;0;0;0;0;0;1;0
PARAMS;0.24;0.7;0.05;0.17;0.15;2.5;0.17;0.02;0.01;76.0;10.0;0.5;0.00039;1.5e-06;0.00044;0.00013;1.4e-06;1.0;0;1;0;1;0;0;0;0;0;0;0;0;0;0;0;0;0;0;0;0;0;0;0;0;0;0;0;0;0;0;0;0;0;0;0;1;0;0;0;0;0;0;0;0;0;0;0;0;0;0;1;0
PARAMS;0.24;0.7;0.05;0.83;0.15;2.5;0.17;0.02;0.01;76.0;10.0;0.5;0.00039;1.5e-06;0.00044;0.00013;1.4e-06;1.0;0;1;0;1;0;0;0;0;0;0;0;0;0;0;0;0;0;0;0;0;0;0;0;0;0;0;0;0;0;0;0;0;0;0;0;1;0;0;0;0;0;0;0;0;0;0;0;0;0;0;1;0
PARAMS;0.24;0.7;0.05;0.66;0.15;2.5;0.17;0.02;0.01;76.0;10.0;0.5;0.00039;1.5e-06;0.00044;0.00013;1.4e-06;1.0;0;1;0;1;0;0;0;0;0;0;0;0;0;0;0;0;0;0;0;0;0;0;0;0;0;0;0;0;0;0;0;0;0;0;0;1;0;0;0;0;0;0;0;0;0;0;0;0;0;0;1;0
PARAMS;0.24;0.7;0.05;0.99;0.15;2.5;0.17;0.02;0.01;76.0;10.0;0.5;0.00039;1.5e-06;0.00044;0.00013;1.4e-06;1.0;0;1;0;1;0;0;0;0;0;0;0;0;0;0;0;0;0;0;0;0;0;0;0;0;0;0;0;0;0;0;0;0;0;0;0;1;0;0;0;0;0;0;0;0;0;0;0;0;0;0;1;0
PARAMS;0.24;0.7;0.05;0.05;0.15;2.5;0.17;0.02;0.01;76.0;10.0;0.5;0.00039;1.5e-06;1e-05;0.00013;1.4e-06;1.0;0;1;0;1;0;0;0;0;0;0;0;0;0;0;0;0;0;0;0;0;0;0;0;0;0;0;0;0;0;0;0;0;0;0;0;1;0;0;0;0;0;0;0;0;0;0;0;0;0;0;1;0
PARAMS;0.24;0.7;0.05;0.05;0.15;2.5;0.17;0.02;0.01;76.0;10.0;0.5;0.00039;1.5e-06;0.0006100000000000001;0.00013;1.4e-06;1.0;0;1;0;1;0;0;0;0;0;0;0;0;0;0;0;0;0;0;0;0;0;0;0;0;0;0;0;0;0;0;0;0;0;0;0;1;0;0;0;0;0;0;0;0;0;0;0;0;0;0;1;0
PARAMS;0.24;0.7;0.05;0.05;0.15;2.5;0.17;0.02;0.01;76.0;10.0;0.5;0.00039;1.5e-06;0.00101;0.00013;1.4e-06;1.0;0;1;0;1;0;0;0;0;0;0;0;0;0;0;0;0;0;0;0;0;0;0;0;0;0;0;0;0;0;0;0;0;0;0;0;1;0;0;0;0;0;0;0;0;0;0;0;0;0;0;1;0
PARAMS;0.24;0.7;0.05;0.05;0.15;2.5;0.17;0.02;0.01;76.0;10.0;0.5;0.00039;1.5e-06;0.0008100000000000001;0.00013;1.4e-06;1.0;0;1;0;1;0;0;0;0;0;0;0;0;0;0;0;0;0;0;0;0;0;0;0;0;0;0;0;0;0;0;0;0;0;0;0;1;0;0;0;0;0;0;0;0;0;0;0;0;0;0;1;0
PARAMS;0.24;0.7;0.05;0.05;0.15;2.5;0.17;0.02;0.01;76.0;10.0;0.5;0.00039;1.5e-06;0.00041000000000000005;0.00013;1.4e-06;1.0;0;1;0;1;0;0;0;0;0;0;0;0;0;0;0;0;0;0;0;0;0;0;0;0;0;0;0;0;0;0;0;0;0;0;0;1;0;0;0;0;0;0;0;0;0;0;0;0;0;0;1;0
PARAMS;0.24;0.7;0.05;0.05;0.15;2.5;0.17;0.02;0.01;76.0;10.0;0.5;0.00039;1.5e-06;0.00021;0.00013;1.4e-06;1.0;0;1;0;1;0;0;0;0;0;0;0;0;0;0;0;0;0;0;0;0;0;0;0;0;0;0;0;0;0;0;0;0;0;0;0;1;0;0;0;0;0;0;0;0;0;0;0;0;0;0;1;0
PARAMS;0.24;0.7;0.05;0.05;0.15;2.5;0.17;0.02;0.02;76.0;10.0;0.5;0.00039;1.5e-06;0.00044;0.00013;1.4e-06;1.0;0;1;0;1;0;0;0;1;0;0;0;0;0;0;0;0;0;0;0;0;0;0;0;0;0;0;0;0;0;0;0;0;0;0;0;0;0;0;0;0;0;0;0;0;0;0;0;0;0;0;1;0
PARAMS;0.24;0.7;0.05;0.05;0.15;2.5;0.17;0.02;0.017;76.0;10.0;0.5;0.00039;1.5e-06;0.00044;0.00013;1.4e-06;1.0;0;1;0;1;0;0;0;1;0;0;0;0;0;0;0;0;0;0;0;0;0;0;0;0;0;0;0;0;0;0;0;0;0;0;0;0;0;0;0;0;0;0;0;0;0;0;0;0;0;0;1;0
PARAMS;0.24;0.7;0.05;0.05;0.15;2.5;0.17;0.02;0.009;76.0;10.0;0.5;0.00039;1.5e-06;0.00044;0.00013;1.4e-06;1.0;0;1;0;1;0;0;0;1;0;0;0;0;0;0;0;0;0;0;0;0;0;0;0;0;0;0;0;0;0;0;0;0;0;0;0;0;0;0;0;0;0;0;0;0;0;0;0;0;0;0;1;0
PARAMS;0.24;0.7;0.05;0.05;0.15;2.5;0.17;0.02;0.015;76.0;10.0;0.5;0.00039;1.5e-06;0.00044;0.00013;1.4e-06;1.0;0;1;0;1;0;0;0;1;0;0;0;0;0;0;0;0;0;0;0;0;0;0;0;0;0;0;0;0;0;0;0;0;0;0;0;0;0;0;0;0;0;0;0;0;0;0;0;0;0;0;1;0
PARAMS;0.24;0.7;0.05;0.05;0.15;2.5;0.17;0.02;0.004;76.0;10.0;0.5;0.00039;1.5e-06;0.00044;0.00013;1.4e-06;1.0;0;1;0;1;0;0;0;1;0;0;0;0;0;0;0;0;0;0;0;0;0;0;0;0;0;0;0;0;0;0;0;0;0;0;0;0;0;0;0;0;0;0;0;0;0;0;0;0;0;0;1;0
PARAMS;0.24;0.7;0.05;0.05;0.15;2.5;0.17;0.02;0.012;76.0;10.0;0.5;0.00039;1.5e-06;0.00044;0.00013;1.4e-06;1.0;0;1;0;1;0;0;0;1;0;0;0;0;0;0;0;0;0;0;0;0;0;0;0;0;0;0;0;0;0;0;0;0;0;0;0;0;0;0;0;0;0;0;0;0;0;0;0;0;0;0;1;0
PARAMS;0.24;0.7;0.05;0.05;0.15;2.5;0.17;0.02;0.007;76.0;10.0;0.5;0.00039;1.5e-06;0.00044;0.00013;1.4e-06;1.0;0;1;0;1;0;0;0;1;0;0;0;0;0;0;0;0;0;0;0;0;0;0;0;0;0;0;0;0;0;0;0;0;0;0;0;0;0;0;0;0;0;0;0;0;0;0;0;0;0;0;1;0
PARAMS;0.24;0.7;0.05;0.05;0.15;2.5;0.17;0.02;0.01;76.0;10.0;0.5;0.00039;1.5e-06;0.00044;0.00013;1.4e-06;1.0;0;1;0;1;0;0;0;0;0;0;0;0;0;0;0;0;0;0;0;0;0;0;0;0;0;0;0;0;0;0;0;0;0;0;0;1;0;0;0;0;0;0;0;0;0;0;0;0;0;0;1;0
PARAMS;0.24;0.7;0.05;0.05;0.15;2.5;0.17;0.02;0.13;76.0;10.0;0.5;0.00039;1.5e-06;0.00044;0.00013;1.4e-06;1.0;0;1;0;1;0;0;0;0;0;0;0;0;0;0;0;0;0;0;0;0;0;0;0;0;0;0;0;0;0;0;0;0;0;0;0;1;0;0;0;0;0;0;0;0;0;0;0;0;0;0;1;0
PARAMS;0.24;0.7;0.05;0.05;0.15;2.5;0.17;0.02;0.09;76.0;10.0;0.5;0.00039;1.5e-06;0.00044;0.00013;1.4e-06;1.0;0;1;0;1;0;0;0;0;0;0;0;0;0;0;0;0;0;0;0;0;0;0;0;0;0;0;0;0;0;0;0;0;0;0;0;1;0;0;0;0;0;0;0;0;0;0;0;0;0;0;1;0
PARAMS;0.24;0.7;0.05;0.05;0.15;2.5;0.17;0.02;0.05;76.0;10.0;0.5;0.00039;1.5e-06;0.00044;0.00013;1.4e-06;1.0;0;1;0;1;0;0;0;0;0;0;0;0;0;0;0;0;0;0;0;0;0;0;0;0;0;0;0;0;0;0;0;0;0;0;0;1;0;0;0;0;0;0;0;0;0;0;0;0;0;0;1;0
PARAMS;0.24;0.7;0.05;0.05;0.15;2.5;0.17;0.02;0.17;76.0;10.0;0.5;0.00039;1.5e-06;0.00044;0.00013;1.4e-06;1.0;0;1;0;1;0;0;0;0;0;0;0;0;0;0;0;0;0;0;0;0;0;0;0;0;0;0;0;0;0;0;0;0;0;0;0;1;0;0;0;0;0;0;0;0;0;0;0;0;0;0;1;0
PARAMS;0.24;0.7;0.05;0.05;0.15;2.5;0.17;0.02;0.25;76.0;10.0;0.5;0.00039;1.5e-06;0.00044;0.00013;1.4e-06;1.0;0;1;0;1;0;0;0;0;0;0;0;0;0;0;0;0;0;0;0;0;0;0;0;0;0;0;0;0;0;0;0;0;0;0;0;1;0;0;0;0;0;0;0;0;0;0;0;0;0;0;1;0
PARAMS;0.24;0.7;0.05;0.05;0.15;2.5;0.17;0.02;0.21;76.0;10.0;0.5;0.00039;1.5e-06;0.00044;0.00013;1.4e-06;1.0;0;1;0;1;0;0;0;0;0;0;0;0;0;0;0;0;0;0;0;0;0;0;0;0;0;0;0;0;0;0;0;0;0;0;0;1;0;0;0;0;0;0;0;0;0;0;0;0;0;0;1;0
PARAMS;0.24;0.7;0.09;0.1;0.15;2.5;0.17;0.02;0.005;76.0;10.0;0.6;0.00026;1e-06;0.0006;9e-05;2e-06;0.31000000000000005;0;1;0;1;0;0;0;1;0;0;0;0;0;0;0;0;0;0;0;0;0;0;0;0;0;0;0;0;0;0;0;0;0;0;0;0;0;0;0;0;0;0;0;0;0;0;0;0;0;0;1;0
PARAMS;0.24;0.7;0.09;0.1;0.15;2.5;0.17;0.02;0.005;76.0;10.0;0.6;0.00026;1e-06;0.0006;9e-05;2e-06;0.6100000000000001;0;1;0;1;0;0;0;1;0;0;0;0;0;0;0;0;0;0;0;0;0;0;0;0;0;0;0;0;0;0;0;0;0;0;0;0;0;0;0;0;0;0;0;0;0;0;0;0;0;0;1;0
PARAMS;0.24;0.7;0.09;0.1;0.15;2.5;0.17;0.02;0.005;76.0;10.0;0.6;0.00026;1e-06;0.0006;9e-05;2e-06;0.01;0;1;0;1;0;0;0;1;0;0;0;0;0;0;0;0;0;0;0;0;0;0;0;0;0;0;0;0;0;0;0;0;0;0;0;0;0;0;0;0;0;0;0;0;0;0;0;0;0;0;1;0
PARAMS;0.24;0.7;0.09;0.1;0.15;2.5;0.17;0.02;0.005;76.0;10.0;0.6;0.00026;1e-06;0.0006;9e-05;2e-06;0.41000000000000003;0;1;0;1;0;0;0;1;0;0;0;0;0;0;0;0;0;0;0;0;0;0;0;0;0;0;0;0;0;0;0;0;0;0;0;0;0;0;0;0;0;0;0;0;0;0;0;0;0;0;1;0
PARAMS;0.24;0.7;0.09;0.1;0.15;2.5;0.17;0.02;0.005;76.0;10.0;0.6;0.00026;1e-06;0.0006;9e-05;2e-06;0.21000000000000002;0;1;0;1;0;0;0;1;0;0;0;0;0;0;0;0;0;0;0;0;0;0;0;0;0;0;0;0;0;0;0;0;0;0;0;0;0;0;0;0;0;0;0;0;0;0;0;0;0;0;1;0
PARAMS;0.24;0.7;0.09;0.1;0.15;2.5;0.17;0.02;0.005;76.0;10.0;0.6;0.00026;1e-06;0.0006;9e-05;2e-06;0.7100000000000001;0;1;0;1;0;0;0;1;0;0;0;0;0;0;0;0;0;0;0;0;0;0;0;0;0;0;0;0;0;0;0;0;0;0;0;0;0;0;0;0;0;0;0;0;0;0;0;0;0;0;1;0
PARAMS;0.24;0.7;0.09;0.1;0.15;2.5;0.17;0.02;0.005;76.0;10.0;0.6;0.00026;1e-06;0.0006;9e-05;2e-06;1.2100000000000002;0;1;0;1;0;0;0;1;0;0;0;0;0;0;0;0;0;0;0;0;0;0;0;0;0;0;0;0;0;0;0;0;0;0;0;0;0;0;0;0;0;0;0;0;0;0;0;0;0;0;1;0
PARAMS;0.24;0.7;0.09;0.1;0.15;2.5;0.17;0.02;0.005;76.0;10.0;0.6;0.00026;1e-06;0.0006;9e-05;2e-06;0.91;0;1;0;1;0;0;0;1;0;0;0;0;0;0;0;0;0;0;0;0;0;0;0;0;0;0;0;0;0;0;0;0;0;0;0;0;0;0;0;0;0;0;0;0;0;0;0;0;0;0;1;0
PARAMS;0.24;0.7;0.09;0.1;0.15;2.5;0.17;0.02;0.005;76.0;10.0;0.6;0.00026;1e-06;0.0006;9e-05;2e-06;0.81;0;1;0;1;0;0;0;1;0;0;0;0;0;0;0;0;0;0;0;0;0;0;0;0;0;0;0;0;0;0;0;0;0;0;0;0;0;0;0;0;0;0;0;0;0;0;0;0;0;0;1;0
PARAMS;0.24;0.7;0.09;0.1;0.15;2.5;0.17;0.02;0.005;76.0;10.0;0.6;0.00026;1e-06;0.0006;9e-05;2e-06;1.01;0;1;0;1;0;0;0;1;0;0;0;0;0;0;0;0;0;0;0;0;0;0;0;0;0;0;0;0;0;0;0;0;0;0;0;0;0;0;0;0;0;0;0;0;0;0;0;0;0;0;1;0
PARAMS;0.24;0.7;0.09;0.1;0.15;2.5;0.17;0.02;0.005;76.0;10.0;0.6;0.00026;1e-06;0.0006;9e-05;2e-06;0.51;0;1;0;1;0;0;0;1;0;0;0;0;0;0;0;0;0;0;0;0;0;0;0;0;0;0;0;0;0;0;0;0;0;0;0;0;0;0;0;0;0;0;0;0;0;0;0;0;0;0;1;0
PARAMS;0.24;0.7;0.09;0.1;0.15;2.5;0.17;0.02;0.005;76.0;10.0;0.6;0.00026;1e-06;0.0006;9e-05;2e-06;1.11;0;1;0;1;0;0;0;1;0;0;0;0;0;0;0;0;0;0;0;0;0;0;0;0;0;0;0;0;0;0;0;0;0;0;0;0;0;0;0;0;0;0;0;0;0;0;0;0;0;0;1;0
PARAMS;0.24;0.7;0.09;0.1;0.15;2.5;0.17;0.02;0.005;76.0;10.0;0.6;0.00026;1e-06;0.0006;9e-05;2e-06;0.11;0;1;0;1;0;0;0;1;0;0;0;0;0;0;0;0;0;0;0;0;0;0;0;0;0;0;0;0;0;0;0;0;0;0;0;0;0;0;0;0;0;0;0;0;0;0;0;0;0;0;1;0
PARAMS;0.24;0.7;0.09;0.05;0.3;2.5;0.17;0.01;0.005;121.0;10.0;0.5;0.0026;0.004;0.0012;0.00062;6.8e-06;0.1;0;1;0;1;0;0;0;1;0;0;0;0;0;0;0;0;0;0;0;0;0;0;0;0;0;0;0;0;0;0;0;0;0;0;0;0;0;0;0;0;0;0;0;0;0;0;0;0;0;0;1;0
PARAMS;0.24;0.7;0.09;0.05;0.1;2.5;0.17;0.01;0.005;121.0;10.0;0.5;0.0026;0.004;0.0012;0.00062;6.8e-06;0.1;0;1;0;1;0;0;0;1;0;0;0;0;0;0;0;0;0;0;0;0;0;0;0;0;0;0;0;0;0;0;0;0;0;0;0;0;0;0;0;0;0;0;0;0;0;0;0;0;0;0;1;0
PARAMS;0.24;0.7;0.09;0.05;0.35000000000000003;2.5;0.17;0.01;0.005;121.0;10.0;0.5;0.0026;0.004;0.0012;0.00062;6.8e-06;0.1;0;1;0;1;0;0;0;1;0;0;0;0;0;0;0;0;0;0;0;0;0;0;0;0;0;0;0;0;0;0;0;0;0;0;0;0;0;0;0;0;0;0;0;0;0;0;0;0;0;0;1;0
PARAMS;0.24;0.7;0.09;0.05;0.05;2.5;0.17;0.01;0.005;121.0;10.0;0.5;0.0026;0.004;0.0012;0.00062;6.8e-06;0.1;0;1;0;1;0;0;0;1;0;0;0;0;0;0;0;0;0;0;0;0;0;0;0;0;0;0;0;0;0;0;0;0;0;0;0;0;0;0;0;0;0;0;0;0;0;0;0;0;0;0;1;0
PARAMS;0.24;0.7;0.09;0.05;0.2;2.5;0.17;0.01;0.005;121.0;10.0;0.5;0.0026;0.004;0.0012;0.00062;6.8e-06;0.1;0;1;0;1;0;0;0;1;0;0;0;0;0;0;0;0;0;0;0;0;0;0;0;0;0;0;0;0;0;0;0;0;0;0;0;0;0;0;0;0;0;0;0;0;0;0;0;0;0;0;1;0
PARAMS;0.24;0.7;0.09;0.05;0.25;2.5;0.17;0.01;0.005;121.0;10.0;0.5;0.0026;0.004;0.0012;0.00062;6.8e-06;0.1;0;1;0;1;0;0;0;1;0;0;0;0;0;0;0;0;0;0;0;0;0;0;0;0;0;0;0;0;0;0;0;0;0;0;0;0;0;0;0;0;0;0;0;0;0;0;0;0;0;0;1;0
PARAMS;0.24;0.7;0.09;0.05;0.4;2.5;0.17;0.01;0.005;121.0;10.0;0.5;0.0026;0.004;0.0012;0.00062;6.8e-06;0.1;0;1;0;1;0;0;0;1;0;0;0;0;0;0;0;0;0;0;0;0;0;0;0;0;0;0;0;0;0;0;0;0;0;0;0;0;0;0;0;0;0;0;0;0;0;0;0;0;0;0;1;0
PARAMS;0.24;0.7;0.09;0.05;0.15000000000000002;2.5;0.17;0.01;0.005;121.0;10.0;0.5;0.0026;0.004;0.0012;0.00062;6.8e-06;0.1;0;1;0;1;0;0;0;1;0;0;0;0;0;0;0;0;0;0;0;0;0;0;0;0;0;0;0;0;0;0;0;0;0;0;0;0;0;0;0;0;0;0;0;0;0;0;0;0;0;0;1;0
PARAMS;0.24;0.7;0.05;0.05;0.3;2.5;0.17;0.02;0.01;76.0;10.0;0.5;0.00039;1.5e-06;0.00044;0.00013;1.4e-06;1.0;0;1;1;0;0;0;1;0;0;0;0;0;0;0;0;0;0;0;0;0;0;0;0;0;0;0;0;0;0;0;0;0;0;0;0;0;0;0;0;0;0;0;0;0;0;0;0;0;0;0;1;0
PARAMS;0.24;0.7;0.05;0.05;0.3;2.5;0.17;0.02;0.01;76.0;10.0;0.5;0.00039;1.5e-06;0.00044;0.00013;1.4e-06;1.0;0;1;0;1;0;0;1;0;0;0;0;0;0;0;0;0;0;0;0;0;0;0;0;0;0;0;0;0;0;0;0;0;0;0;0;0;0;0;0;0;0;0;0;0;0;0;0;0;0;0;1;0
PARAMS;0.24;0.7;0.05;0.05;0.15;2.5;0.17;0.01;0.01;76.0;10.0;0.5;0.00039;1.5e-06;0.00044;0.00013;1.4e-06;1.0;0;1;1;0;0;0;0;1;0;0;0;0;0;0;0;0;0;0;0;0;0;0;0;0;0;0;0;0;0;0;0;0;0;0;0;0;0;0;0;0;0;0;0;0;0;0;0;0;0;0;1;0
PARAMS;0.24;0.7;0.05;0.05;0.15;2.5;0.17;0.01;0.01;76.0;10.0;0.5;0.00039;1.5e-06;0.00044;0.00013;1.4e-06;1.0;0;1;0;1;0;0;0;1;0;0;0;0;0;0;0;0;0;0;0;0;0;0;0;0;0;0;0;0;0;0;0;0;0;0;0;0;0;0;0;0;0;0;0;0;0;0;0;0;0;0;1;0
PARAMS;0.24;0.7;0.05;0.05;0.3;2.5;0.17;0.02;0.01;76.0;10.0;0.5;0.0004;7e-07;0.0004;0.00015;4e-07;1.0;1;0;1;0;0;0;0;0;0;0;0;0;0;0;0;0;0;0;0;0;1;0;0;0;0;0;0;0;0;0;0;0;0;0;0;0;0;0;0;0;0;0;0;0;0;0;0;0;0;0;1;0
PARAMS;0.24;0.7;0.05;0.05;0.3;2.5;0.17;0.02;0.01;76.0;10.0;0.5;0.0004;7e-07;0.0004;0.00015;4e-07;1.0;0;1;1;0;0;0;0;0;0;0;0;0;0;0;0;0;0;0;0;0;1;0;0;0;0;0;0;0;0;0;0;0;0;0;0;0;0;0;0;0;0;0;0;0;0;0;0;0;0;0;1;0
PARAMS;0.24;0.7;0.05;0.05;0.3;2.5;0.17;0.02;0.01;76.0;10.0;0.5;0.0004;7e-07;0.0004;0.00015;4e-07;1.0;0;1;0;1;0;0;0;0;0;0;0;0;0;0;0;0;0;0;0;0;1;0;0;0;0;0;0;0;0;0;0;0;0;0;0;0;0;0;0;0;0;0;0;0;0;0;0;0;0;0;1;0
PARAMS;0.24;0.7;0.05;0.05;0.3;2.5;0.17;0.02;0.01;76.0;10.0;0.5;0.0004;7e-07;0.0004;0.00015;4e-07;1.0;1;0;0;1;0;0;0;0;0;0;0;0;0;0;0;0;0;0;0;0;1;0;0;0;0;0;0;0;0;0;0;0;0;0;0;0;0;0;0;0;0;0;0;0;0;0;0;0;0;0;1;0
PARAMS;0.24;0.7;0.05;0.05;0.15;2.5;0.17;0.02;0.01;76.0;10.0;0.5;0.00039;1.5e-06;0.00044;0.00013;1.4e-06;1.0;1;0;1;0;0;0;1;0;0;0;0;0;0;0;0;0;0;0;0;0;0;0;0;0;0;0;0;0;0;0;0;0;0;0;0;0;0;0;0;0;0;0;0;0;0;0;0;0;0;0;1;0
PARAMS;0.24;0.7;0.05;0.05;0.15;2.5;0.17;0.02;0.01;76.0;10.0;0.5;0.00039;1.5e-06;0.00044;0.00013;1.4e-06;1.0;0;1;1;0;0;0;1;0;0;0;0;0;0;0;0;0;0;0;0;0;0;0;0;0;0;0;0;0;0;0;0;0;0;0;0;0;0;0;0;0;0;0;0;0;0;0;0;0;0;0;1;0
PARAMS;0.24;0.7;0.05;0.05;0.15;2.5;0.17;0.02;0.01;76.0;10.0;0.5;0.00039;1.5e-06;0.00044;0.00013;1.4e-06;1.0;0;1;0;1;0;0;1;0;0;0;0;0;0;0;0;0;0;0;0;0;0;0;0;0;0;0;0;0;0;0;0;0;0;0;0;0;0;0;0;0;0;0;0;0;0;0;0;0;0;0;1;0
PARAMS;0.24;0.7;0.05;0.05;0.15;2.5;0.17;0.02;0.01;76.0;10.0;0.5;0.00039;1.5e-06;0.00044;0.00013;1.4e-06;1.0;1;0;0;1;0;0;1;0;0;0;0;0;0;0;0;0;0;0;0;0;0;0;0;0;0;0;0;0;0;0;0;0;0;0;0;0;0;0;0;0;0;0;0;0;0;0;0;0;0;0;1;0
PARAMS;0.24;0.7;0.05;0.05;0.15;2.5;0.17;0.01;0.01;76.0;10.0;0.5;0.00039;1.5e-06;0.00044;0.00013;1.4e-06;1.0;1;0;1;0;0;0;0;1;0;0;0;0;0;0;0;0;0;0;0;0;0;0;0;0;0;0;0;0;0;0;0;0;0;0;0;0;0;0;0;0;0;0;0;0;0;0;0;0;0;0;1;0
PARAMS;0.24;0.7;0.05;0.05;0.15;2.5;0.17;0.01;0.01;76.0;10.0;0.5;0.00039;1.5e-06;0.00044;0.00013;1.4e-06;1.0;1;0;0;1;0;0;0;1;0;0;0;0;0;0;0;0;0;0;0;0;0;0;0;0;0;0;0;0;0;0;0;0;0;0;0;0;0;0;0;0;0;0;0;0;0;0;0;0;0;0;1;0
PARAMS;0.24;0.7;0.05;0.05;0.15;2.5;0.17;0.01;0.01;76.0;10.0;0.5;0.00039;1.5e-06;0.00044;0.00013;1.4e-06;1.0;0;1;1;0;0;0;0;1;0;0;0;0;0;0;0;0;0;0;0;0;0;0;0;0;0;0;0;0;0;0;0;0;0;0;0;0;0;0;0;0;0;0;0;0;0;0;0;0;0;0;1;0
PARAMS;0.24;0.7;0.05;0.05;0.15;2.5;0.17;0.01;0.01;76.0;10.0;0.5;0.00039;1.5e-06;0.00044;0.00013;1.4e-06;1.0;1;0;1;0;0;0;0;1;0;0;0;0;0;0;0;0;0;0;0;0;0;0;0;0;0;0;0;0;0;0;0;0;0;0;0;0;0;0;0;0;0;0;0;0;0;0;0;0;0;0;1;0
PARAMS;0.24;0.7;0.05;0.05;0.3;2.5;0.17;0.02;0.01;76.0;10.0;0.5;0.0004;7e-07;0.0004;0.00015;4e-07;1.0;1;0;1;0;0;0;0;0;0;0;0;0;0;0;1;0;0;0;0;0;0;0;0;0;0;0;0;0;0;0;0;0;0;0;0;0;0;0;0;0;0;0;0;0;0;0;0;0;0;0;1;0
PARAMS;0.24;0.7;0.05;0.05;0.3;2.5;0.17;0.02;0.01;76.0;10.0;0.5;0.0004;7e-07;0.0004;0.00015;4e-07;1.0;0;1;1;0;0;0;0;0;0;0;0;0;0;0;1;0;0;0;0;0;0;0;0;0;0;0;0;0;0;0;0;0;0;0;0;0;0;0;0;0;0;0;0;0;0;0;0;0;0;0;1;0
PARAMS;0.24;0.7;0.05;0.05;0.3;2.5;0.17;0.02;0.01;76.0;10.0;0.5;0.0004;7e-07;0.0004;0.00015;4e-07;1.0;0;1;0;1;0;0;0;0;0;0;0;0;0;0;1;0;0;0;0;0;0;0;0;0;0;0;0;0;0;0;0;0;0;0;0;0;0;0;0;0;0;0;0;0;0;0;0;0;0;0;1;0
PARAMS;0.24;0.7;0.05;0.05;0.3;2.5;0.17;0.02;0.01;76.0;10.0;0.5;0.0004;7e-07;0.0004;0.00015;4e-07;1.0;1;0;0;1;0;0;0;0;0;0;0;0;0;0;1;0;0;0;0;0;0;0;0;0;0;0;0;0;0;0;0;0;0;0;0;0;0;0;0;0;0;0;0;0;0;0;0;0;0;0;1;0
PARAMS;0.24;0.7;0.05;0.05;0.15;2.5;0.17;0.01;0.01;76.0;10.0;0.5;0.00039;1.5e-06;0.00044;0.00013;1.4e-06;1.0;0;1;0;1;0;0;0;1;0;0;0;0;0;0;0;0;0;0;0;0;0;0;0;0;0;0;0;0;0;0;0;0;0;0;0;0;0;0;0;0;0;0;0;0;0;0;0;0;0;0;1;0
PARAMS;0.24;0.7;0.05;0.05;0.15;2.5;0.17;0.01;0.01;76.0;10.0;0.5;0.00039;1.5e-06;0.00044;0.00013;1.4e-06;1.0;1;0;0;1;0;0;0;1;0;0;0;0;0;0;0;0;0;0;0;0;0;0;0;0;0;0;0;0;0;0;0;0;0;0;0;0;0;0;0;0;0;0;0;0;0;0;0;0;0;0;1;0
PARAMS;0.24;0.7;0.05;0.05;0.15;2.5;0.17;0.01;0.01;76.0;10.0;0.5;0.00039;1.5e-06;0.00044;0.00013;1.4e-06;1.0;0;1;1;0;0;0;0;1;0;0;0;0;0;0;0;0;0;0;0;0;0;0;0;0;0;0;0;0;0;0;0;0;0;0;0;0;0;0;0;0;0;0;0;0;0;0;0;0;0;0;1;0
PARAMS;0.24;0.7;0.05;0.05;0.15;2.5;0.17;0.01;0.01;76.0;10.0;0.5;0.00039;1.5e-06;0.00044;0.00013;1.4e-06;1.0;1;0;1;0;0;0;0;1;0;0;0;0;0;0;0;0;0;0;0;0;0;0;0;0;0;0;0;0;0;0;0;0;0;0;0;0;0;0;0;0;0;0;0;0;0;0;0;0;0;0;1;0
PARAMS;0.24;0.7;0.05;0.05;0.3;2.5;0.17;0.02;0.01;76.0;10.0;0.5;0.0004;7e-07;0.0004;0.00015;4e-07;1.0;1;0;1;0;0;0;0;0;0;0;0;0;0;0;0;0;0;0;0;0;0;0;0;0;0;0;0;0;0;0;0;0;0;0;0;0;0;0;1;0;0;0;0;0;0;0;0;0;0;0;1;0
PARAMS;0.24;0.7;0.05;0.05;0.3;2.5;0.17;0.02;0.01;76.0;10.0;0.5;0.0004;7e-07;0.0004;0.00015;4e-07;1.0;0;1;1;0;0;0;0;0;0;0;0;0;0;0;0;0;0;0;0;0;0;0;0;0;0;0;0;0;0;0;0;0;0;0;0;0;0;0;1;0;0;0;0;0;0;0;0;0;0;0;1;0
PARAMS;0.24;0.7;0.05;0.05;0.3;2.5;0.17;0.02;0.01;76.0;10.0;0.5;0.0004;7e-07;0.0004;0.00015;4e-07;1.0;0;1;0;1;0;0;0;0;0;0;0;0;0;0;0;0;0;0;0;0;0;0;0;0;0;0;0;0;0;0;0;0;0;0;0;0;0;0;1;0;0;0;0;0;0;0;0;0;0;0;1;0
PARAMS;0.24;0.7;0.05;0.05;0.3;2.5;0.17;0.02;0.01;76.0;10.0;0.5;0.0004;7e-07;0.0004;0.00015;4e-07;1.0;1;0;0;1;0;0;0;0;0;0;0;0;0;0;0;0;0;0;0;0;0;0;0;0;0;0;0;0;0;0;0;0;0;0;0;0;0;0;1;0;0;0;0;0;0;0;0;0;0;0;1;0
PARAMS;0.24;0.7;0.05;0.05;0.15;2.5;0.17;0.02;0.01;76.0;10.0;0.5;0.00039;1.5e-06;0.00044;0.00013;1.4e-06;1.0;1;0;1;0;0;0;0;1;0;0;0;0;0;0;0;0;0;0;0;0;0;0;0;0;0;0;0;0;0;0;0;0;0;0;0;0;0;0;0;0;0;0;0;0;0;0;0;0;0;0;1;0
PARAMS;0.24;0.7;0.05;0.05;0.15;2.5;0.17;0.02;0.01;76.0;10.0;0.5;0.00039;1.5e-06;0.00044;0.00013;1.4e-06;1.0;1;0;0;1;0;0;0;1;0;0;0;0;0;0;0;0;0;0;0;0;0;0;0;0;0;0;0;0;0;0;0;0;0;0;0;0;0;0;0;0;0;0;0;0;0;0;0;0;0;0;1;0
PARAMS;0.24;0.7;0.05;0.05;0.15;2.5;0.17;0.02;0.01;76.0;10.0;0.5;0.00039;1.5e-06;0.00044;0.00013;1.4e-06;1.0;1;0;1;0;0;0;0;1;0;0;0;0;0;0;0;0;0;0;0;0;0;0;0;0;0;0;0;0;0;0;0;0;0;0;0;0;0;0;0;0;0;0;0;0;0;0;0;0;0;0;1;0
PARAMS;0.24;0.7;0.05;0.05;0.15;2.5;0.17;0.02;0.01;76.0;10.0;0.5;0.00039;1.5e-06;0.00044;0.00013;1.4e-06;1.0;0;1;1;0;0;0;0;1;0;0;0;0;0;0;0;0;0;0;0;0;0;0;0;0;0;0;0;0;0;0;0;0;0;0;0;0;0;0;0;0;0;0;0;0;0;0;0;0;0;0;1;0
PARAMS;0.24;0.7;0.05;0.05;0.15;2.5;0.17;0.02;0.01;76.0;10.0;0.5;0.00039;1.5e-06;0.00044;0.00013;1.4e-06;1.0;0;1;0;1;0;0;0;1;0;0;0;0;0;0;0;0;0;0;0;0;0;0;0;0;0;0;0;0;0;0;0;0;0;0;0;0;0;0;0;0;0;0;0;0;0;0;0;0;0;0;1;0
PARAMS;0.24;0.7;0.05;0.05;0.15;2.5;0.17;0.02;0.01;76.0;10.0;0.5;0.00039;1.5e-06;0.00044;0.00013;1.4e-06;1.0;1;0;0;1;0;0;0;1;0;0;0;0;0;0;0;0;0;0;0;0;0;0;0;0;0;0;0;0;0;0;0;0;0;0;0;0;0;0;0;0;0;0;0;0;0;0;0;0;0;0;1;0
PARAMS;0.24;0.7;0.05;0.05;0.3;2.5;0.17;0.02;0.01;76.0;10.0;0.5;0.00039;1.5e-06;0.00044;0.00013;1.4e-06;1.0;0;1;0;1;0;0;1;0;0;0;0;0;0;0;0;0;0;0;0;0;0;0;0;0;0;0;0;0;0;0;0;0;0;0;0;0;0;0;0;0;0;0;0;0;0;0;0;0;0;0;1;0
PARAMS;0.24;0.7;0.05;0.05;0.3;2.5;0.17;0.02;0.01;76.0;10.0;0.5;0.00039;1.5e-06;0.00044;0.00013;1.4e-06;1.0;1;0;0;1;0;0;1;0;0;0;0;0;0;0;0;0;0;0;0;0;0;0;0;0;0;0;0;0;0;0;0;0;0;0;0;0;0;0;0;0;0;0;0;0;0;0;0;0;0;0;1;0
PARAMS;0.24;0.7;0.05;0.05;0.3;2.5;0.17;0.02;0.01;76.0;10.0;0.5;0.00039;1.5e-06;0.00044;0.00013;1.4e-06;1.0;0;1;0;1;0;0;1;0;0;0;0;0;0;0;0;0;0;0;0;0;0;0;0;0;0;0;0;0;0;0;0;0;0;0;0;0;0;0;0;0;0;0;0;0;0;0;0;0;0;0;1;0
PARAMS;0.24;0.7;0.05;0.05;0.3;2.5;0.17;0.02;0.01;76.0;10.0;0.5;0.00039;1.5e-06;0.00044;0.00013;1.4e-06;1.0;0;1;0;1;0;0;1;0;0;0;0;0;0;0;0;0;0;0;0;0;0;0;0;0;0;0;0;0;0;0;0;0;0;0;0;0;0;0;0;0;0;0;0;0;0;0;0;0;0;0;0;1
PARAMS;0.24;0.7;0.33999999999999997;0.05;0.3;2.5;0.17;0.01;0.005;121.0;10.0;0.5;0.0026;0.004;0.0012;0.00062;6.8e-06;0.1;0;1;0;1;0;0;0;1;0;0;0;0;0;0;0;0;0;0;0;0;0;0;0;0;0;0;0;0;0;0;0;0;0;0;0;0;0;0;0;0;0;0;0;0;0;0;0;0;0;0;1;0
PARAMS;0.24;0.7;0.29;0.05;0.3;2.5;0.17;0.01;0.005;121.0;10.0;0.5;0.0026;0.004;0.0012;0.00062;6.8e-06;0.1;0;1;0;1;0;0;0;1;0;0;0;0;0;0;0;0;0;0;0;0;0;0;0;0;0;0;0;0;0;0;0;0;0;0;0;0;0;0;0;0;0;0;0;0;0;0;0;0;0;0;1;0
PARAMS;0.24;0.7;0.09;0.05;0.3;2.5;0.17;0.01;0.005;121.0;10.0;0.5;0.0026;0.004;0.0012;0.00062;6.8e-06;0.1;0;1;0;1;0;0;0;1;0;0;0;0;0;0;0;0;0;0;0;0;0;0;0;0;0;0;0;0;0;0;0;0;0;0;0;0;0;0;0;0;0;0;0;0;0;0;0;0;0;0;1;0
PARAMS;0.24;0.7;0.04;0.05;0.3;2.5;0.17;0.01;0.005;121.0;10.0;0.5;0.0026;0.004;0.0012;0.00062;6.8e-06;0.1;0;1;0;1;0;0;0;1;0;0;0;0;0;0;0;0;0;0;0;0;0;0;0;0;0;0;0;0;0;0;0;0;0;0;0;0;0;0;0;0;0;0;0;0;0;0;0;0;0;0;1;0
PARAMS;0.24;0.7;0.24;0.05;0.3;2.5;0.17;0.01;0.005;121.0;10.0;0.5;0.0026;0.004;0.0012;0.00062;6.8e-06;0.1;0;1;0;1;0;0;0;1;0;0;0;0;0;0;0;0;0;0;0;0;0;0;0;0;0;0;0;0;0;0;0;0;0;0;0;0;0;0;0;0;0;0;0;0;0;0;0;0;0;0;1;0
PARAMS;0.24;0.7;0.19;0.05;0.3;2.5;0.17;0.01;0.005;121.0;10.0;0.5;0.0026;0.004;0.0012;0.00062;6.8e-06;0.1;0;1;0;1;0;0;0;1;0;0;0;0;0;0;0;0;0;0;0;0;0;0;0;0;0;0;0;0;0;0;0;0;0;0;0;0;0;0;0;0;0;0;0;0;0;0;0;0;0;0;1;0
PARAMS;0.24;0.7;0.13999999999999999;0.05;0.3;2.5;0.17;0.01;0.005;121.0;10.0;0.5;0.0026;0.004;0.0012;0.00062;6.8e-06;0.1;0;1;0;1;0;0;0;1;0;0;0;0;0;0;0;0;0;0;0;0;0;0;0;0;0;0;0;0;0;0;0;0;0;0;0;0;0;0;0;0;0;0;0;0;0;0;0;0;0;0;1;0
PARAMS;0.24;0.7;0.05;0.05;0.283;2.5;0.17;0.02;0.01;76.0;10.0;0.5;0.00039;1.5e-06;0.00044;0.00013;1.4e-06;1.0;0;1;0;1;0;0;0;1;0;0;0;0;0;0;0;0;0;0;0;0;0;0;0;0;0;0;0;0;0;0;0;0;0;0;0;0;0;0;0;0;0;0;0;0;0;0;0;0;0;0;1;0
PARAMS;0.24;0.7;0.05;0.05;0.225;2.5;0.17;0.02;0.01;76.0;10.0;0.5;0.00039;1.5e-06;0.00044;0.00013;1.4e-06;1.0;0;1;0;1;0;0;0;1;0;0;0;0;0;0;0;0;0;0;0;0;0;0;0;0;0;0;0;0;0;0;0;0;0;0;0;0;0;0;0;0;0;0;0;0;0;0;0;0;0;0;1;0
PARAMS;0.24;0.7;0.05;0.05;0.05;2.5;0.17;0.02;0.01;76.0;10.0;0.5;0.00039;1.5e-06;0.00044;0.00013;1.4e-06;1.0;0;1;0;1;0;0;0;1;0;0;0;0;0;0;0;0;0;0;0;0;0;0;0;0;0;0;0;0;0;0;0;0;0;0;0;0;0;0;0;0;0;0;0;0;0;0;0;0;0;0;1;0
PARAMS;0.24;0.7;0.05;0.05;0.108;2.5;0.17;0.02;0.01;76.0;10.0;0.5;0.00039;1.5e-06;0.00044;0.00013;1.4e-06;1.0;0;1;0;1;0;0;0;1;0;0;0;0;0;0;0;0;0;0;0;0;0;0;0;0;0;0;0;0;0;0;0;0;0;0;0;0;0;0;0;0;0;0;0;0;0;0;0;0;0;0;1;0
PARAMS;0.24;0.7;0.05;0.05;0.4;2.5;0.17;0.02;0.01;76.0;10.0;0.5;0.00039;1.5e-06;0.00044;0.00013;1.4e-06;1.0;0;1;0;1;0;0;0;1;0;0;0;0;0;0;0;0;0;0;0;0;0;0;0;0;0;0;0;0;0;0;0;0;0;0;0;0;0;0;0;0;0;0;0;0;0;0;0;0;0;0;1;0
PARAMS;0.24;0.7;0.05;0.05;0.167;2.5;0.17;0.02;0.01;76.0;10.0;0.5;0.00039;1.5e-06;0.00044;0.00013;1.4e-06;1.0;0;1;0;1;0;0;0;1;0;0;0;0;0;0;0;0;0;0;0;0;0;0;0;0;0;0;0;0;0;0;0;0;0;0;0;0;0;0;0;0;0;0;0;0;0;0;0;0;0;0;1;0
PARAMS;0.24;0.7;0.05;0.05;0.342;2.5;0.17;0.02;0.01;76.0;10.0;0.5;0.00039;1.5e-06;0.00044;0.00013;1.4e-06;1.0;0;1;0;1;0;0;0;1;0;0;0;0;0;0;0;0;0;0;0;0;0;0;0;0;0;0;0;0;0;0;0;0;0;0;0;0;0;0;0;0;0;0;0;0;0;0;0;0;0;0;1;0
PARAMS;0.24;0.7;0.05;0.05;0.15;2.5;0.17;0.02;0.01;76.0;10.0;0.5;0.00039;2.01e-06;0.00044;0.00013;1.4e-06;1.0;0;1;0;1;0;0;0;0;0;0;0;0;0;0;0;0;0;0;0;0;0;0;0;0;0;0;0;0;0;0;0;0;0;0;0;1;0;0;0;0;0;0;0;0;0;0;0;0;0;0;1;0
PARAMS;0.24;0.7;0.05;0.05;0.15;2.5;0.17;0.02;0.01;76.0;10.0;0.5;0.00039;1.0009999999999999e-05;0.00044;0.00013;1.4e-06;1.0;0;1;0;1;0;0;0;0;0;0;0;0;0;0;0;0;0;0;0;0;0;0;0;0;0;0;0;0;0;0;0;0;0;0;0;1;0;0;0;0;0;0;0;0;0;0;0;0;0;0;1;0
PARAMS;0.24;0.7;0.05;0.05;0.15;2.5;0.17;0.02;0.01;76.0;10.0;0.5;0.00039;6.01e-06;0.00044;0.00013;1.4e-06;1.0;0;1;0;1;0;0;0;0;0;0;0;0;0;0;0;0;0;0;0;0;0;0;0;0;0;0;0;0;0;0;0;0;0;0;0;1;0;0;0;0;0;0;0;0;0;0;0;0;0;0;1;0
PARAMS;0.24;0.7;0.05;0.05;0.15;2.5;0.17;0.02;0.01;76.0;10.0;0.5;0.00039;8.01e-06;0.00044;0.00013;1.4e-06;1.0;0;1;0;1;0;0;0;0;0;0;0;0;0;0;0;0;0;0;0;0;0;0;0;0;0;0;0;0;0;0;0;0;0;0;0;1;0;0;0;0;0;0;0;0;0;0;0;0;0;0;1;0
PARAMS;0.24;0.7;0.05;0.05;0.15;2.5;0.17;0.02;0.01;76.0;10.0;0.5;0.00039;4.01e-06;0.00044;0.00013;1.4e-06;1.0;0;1;0;1;0;0;0;0;0;0;0;0;0;0;0;0;0;0;0;0;0;0;0;0;0;0;0;0;0;0;0;0;0;0;0;1;0;0;0;0;0;0;0;0;0;0;0;0;0;0;1;0
PARAMS;0.24;0.7;0.05;0.05;0.15;2.5;0.17;0.02;0.01;76.0;10.0;0.5;0.00039;1e-08;0.00044;0.00013;1.4e-06;1.0;0;1;0;1;0;0;0;0;0;0;0;0;0;0;0;0;0;0;0;0;0;0;0;0;0;0;0;0;0;0;0;0;0;0;0;1;0;0;0;0;0;0;0;0;0;0;0;0;0;0;1;0
