price_index;gdp_index;gdp_growth;unemployment;average_workers;families_wealth;families_savings;firms_wealth;firms_profit;gini_index;average_utility;inflation;average_qli
134.442;14983.553999999998;-7.795;6.275;69.33;23836.674;832819.1;2971639.522;-111.49;0.232;207.853;0.0;0.6331
126.453;31298.11;-1.247;12.64;117.2;43832.685;1851694.634;4243576.839;3558.157;0.248;192.326;0.0;0.6431
131.874;70567.453;-1.5719999999999998;4.455;65.139;98519.112;3340058.154;10126532.803;2031.683;0.221;215.855;0.0003;0.7096
150.749;9394.116;7.75;7.734;87.208;12699.419;447674.61;1169693.584;1405.32;0.236;203.302;0.0;0.6377
138.05;57937.555;-1.248;2.774;49.618;80828.371;2849333.797;10252278.041;872.6289999999998;0.207;224.49400000000003;0.0009;0.8506
150.862;19397.65;-3.799;2.867;53.06;27602.501;852050.9;2924705.9460000005;-126.701;0.214;222.273;0.0;0.7927
150.409;9390.781;-9.048;3.79;64.327;14682.718;480650.127;1527731.9719999996;-379.945;0.219;220.703;0.0;0.7703
142.27100000000004;9647.194;-3.161;3.683;31.802;14225.315;544088.596;2757831.829;92.747;0.218;189.503;0.0011;0.8282
125.614;17201.247;1.989;4.9060000000000015;60.347;23444.4;865955.819;2800164.175;1237.928;0.223;210.003;0.0;0.7523
134.012;73111.439;4.0360000000000005;2.8680000000000003;46.806;104568.021;3380353.731;12587161.472;5019.23;0.212;217.974;0.0005;0.7659999999999999
134.514;10524.807;4.675;6.053;70.402;14418.431;562517.413;1744015.96;1206.336;0.23;204.704;0.0;0.6881
133.314;18917.533;-5.043;3.364;36.188;27966.92;918383.922;4158765.616;-324.95;0.213;201.052;0.0;0.8077
148.495;60647.185;0.648;6.396;80.68;87771.53;3162581.833;8919634.19;4219.4940000000015;0.227;205.877;0.0;0.6579999999999999
133.497;43019.012;-0.68;2.854;49.229;63398.993;2073038.465;7383231.624;938.791;0.212;218.628;0.0004;0.7443
153.888;8334.282;-11.277;5.147;67.0;12891.462;489974.26700000005;1448469.204;-491.536;0.226;211.444;0.0;0.6687
137.741;10847.58;2.191;3.318;59.364;14942.928;512600.39;1766122.5269999998;565.3340000000002;0.214;218.202;0.0;0.7486
150.44799999999995;21398.859;2.069;4.908;71.78699999999998;31667.765;1020082.542;3013720.076000001;1508.846;0.221;216.676;0.0;0.6487
132.595;16655.273;4.173;3.057;44.303;24632.896;797196.745;3195871.819;1292.489;0.209;214.197;0.0;0.8294
153.105;6558.314;0.552;11.296;98.39;9066.854;360593.741;885296.787;686.877;0.245;189.945;0.0;0.6459
134.57;12143.593;-5.229;3.345;35.808;18933.712;612020.226;2808846.868;-189.542;0.21600000000000005;204.972;0.0012;0.9066
132.145;16254.243;2.466;2.169;57.886;22767.544;718227.296;2197919.265;824.8969999999998;0.212;224.86900000000003;0.0;0.8261
145.53;16304.466;-5.865;3.29;38.57;22900.339;816925.2;4108201.831;-395.121;0.215;208.596;0.0009;0.8171
150.09;5669.781999999998;17.528;18.959;126.822;8829.07;330728.213;760702.234;1874.388;0.272;166.36900000000003;0.0;0.6134
149.43200000000004;19194.849;2.075;8.177999999999999;84.08;28292.366;979711.806;2632553.93;1906.307;0.237;201.264;0.0;0.6142
148.629;23242.602000000006;2.321;15.066;125.65;33472.602;1361421.632;2907617.431000001;3841.268;0.251;183.74400000000003;0.0;0.6525
140.43200000000002;11889.002;-4.02;3.721;34.74;16967.828999999998;597917.216;3053747.651;-67.44;0.218;198.671;0.0;0.7976
146.42600000000004;23278.422;-0.5579999999999999;5.857;72.295;33149.79;1210294.783;3509541.665;1267.454;0.229;208.75;0.0;0.6757
138.961;18490.582;-4.516;3.153;42.989;28203.057;885748.8;3744326.248;-251.568;0.213;210.603;0.0;0.7895
153.727;13283.575;8.106;2.6710000000000003;55.846;20239.422;645189.517;1993382.277;1394.987;0.21;229.346;0.0;0.8274
149.701;6455.603;-9.51;9.134;87.46700000000001;10226.674;416135.93;1093244.12;70.764;0.248;189.687;0.0;0.6426
134.256;73214.13900000001;-0.664;2.774;46.485;105268.227;3572574.858;12784053.623;1579.679;0.208;225.803;0.0005;0.8197
135.115;72496.254;1.048;6.496;83.729;104253.327;3783250.466;10227720.813;5469.656;0.231;213.317;0.0004;0.6981
134.047;18973.806;-2.1;3.443;37.092;25722.267000000003;858920.802;3805988.47;312.68;0.213;204.058;0.0;0.8405
132.382;76863.12400000001;-1.5630000000000002;4.888;71.516;106449.16;3704932.246;10139438.915;2503.676;0.22;220.197;0.0003;0.6938
140.613;39712.227;2.235;2.506;48.335;55531.55;1842790.402;6226611.298;2101.959;0.213;224.452;0.0005;0.8357
131.387;11689.741000000002;1.16;3.236;37.979;16926.744;576587.963;2566906.407;518.534;0.213;213.583;0.0;0.9003
128.296;30725.996;-0.918;3.187;61.68899999999999;45341.486;1516412.921;4799527.061000002;749.622;0.21;227.579;0.0008;0.8465
126.747;18242.199;1.058;12.161;105.491;26869.702;1075530.935;2826283.413;2365.9970000000008;0.253;192.216;0.0;0.6335
144.75799999999995;25059.728;-3.524;2.971;58.996;36887.004;1226225.688;3888968.259;-218.225;0.212;223.708;0.0008;0.8206
150.49200000000005;16430.17;0.361;9.014;93.229;24020.909;920983.747;2498639.51;1468.646;0.241;196.822;0.0;0.6154
134.866;14246.042;1.895;2.986;41.951;21834.055;655410.745;2871911.46;722.7230000000002;0.213;213.11900000000003;0.0;0.8311
135.941;40253.323;0.174;2.648;50.64;59265.395;1839930.421;6423449.31;1119.735;0.21;222.65;0.0005;0.7876
138.849;12923.27;2.987;3.722;65.868;18147.831;657864.956;1868699.086;854.471;0.219;223.616;0.0;0.7968
135.361;78005.032;0.569;2.716;46.471;111145.374;3580659.173;12775706.29;2522.649;0.209;224.72;0.0003;0.8267
138.851;491206.303;-0.329;2.629;58.028;697844.637;23153931.644;73276629.796;11520.68;0.211;227.128;0.0008;0.8481
149.403;279918.159;-0.848;2.136;63.124;409833.985;13951989.218;40039143.557;3797.531;0.212;235.24;0.0005;0.8238
140.13299999999998;121747.764;3.41;2.559;51.45399999999999;176289.337;5772631.623;20145956.299;7315.972;0.212;222.149;0.0006;0.7754
135.7325;71523.4895;0.0735;2.8335;46.82899999999999;101881.031;3378737.161000001;12594984.592;2045.908;0.213;217.7285;0.0010999999999999998;0.7651
134.7185;72050.80799999999;0.7825;2.7935;46.8635;104517.0115;3376831.5395;12588274.554;2637.466;0.212;217.97099999999998;0.0003;0.7755000000000001
133.88799999999998;71986.28899999999;0.5405000000000001;2.884;46.8265;102177.7675;3383476.453;12585012.6465;2360.3325;0.2125;217.7795;0.0004;0.7129
135.385;71286.7865;0.1095;2.867;46.845;101221.156;3384829.401;12586873.197;2087.098;0.213;217.34099999999998;0.0005;0.77235
142.02200000000002;10439.2035;-1.131;3.679;59.3265;15090.346000000001;508119.5755;1772070.523;239.9125;0.21600000000000005;215.4645;0.0;0.7454000000000001
137.75799999999998;10460.063;-4.489;3.7195;59.18599999999999;15204.114;506631.01;1773785.6130000001;-66.84;0.2165;216.4655;0.0;0.75305
133.991;10780.425;2.324;3.6925;59.3805;15378.2835;512667.761;1769918.104;702.919;0.2175;218.1285;0.0;0.7259
150.05100000000002;10664.851;-5.699;3.3760000000000003;59.4215;15891.0525;509489.8155;1771101.0265;-195.79;0.2145;218.22099999999998;0.0;0.75345
149.065;286602.63;0.447;2.156;63.13399999999999;408523.6715;13933280.6195;40056015.189;7859.5805;0.212;234.65;0.00115;0.804
149.106;290656.5855;0.16949999999999998;2.1595;63.086000000000006;413099.443;13929903.465;40041286.9895;6982.116;0.212;234.97299999999998;0.00105;0.8331
148.386;291311.4475;0.6559999999999999;2.1485000000000003;63.13399999999999;416477.04299999995;13933428.215;40056374.467;8334.0365;0.212;235.123;0.0010500000000000002;0.76745
146.19299999999996;286091.027;-0.29800000000000004;2.399;62.9495;410554.816;13926843.7675;40074124.6145;6031.290500000001;0.2115;235.6075;0.0014;0.8295
105.749;58856.782;-0.758;2.105;66.956;83031.086;2700094.848;7450241.7;803.7719999999998;0.242;151.234;0.0005;0.7075
102.879;119471.448;-5.8;2.513;51.631;181297.754;6259072.897000001;19682495.462;-3741.307;0.244;136.89;0.0048;0.7187
98.867;46332.578;-0.254;2.674;49.38;63363.965;2246448.859;7210375.823;1055.832;0.248;129.269;0.0023;0.6971
82.662;11590.966;4.222;3.201;34.671;16098.193;647700.014;3010840.311;799.204;0.29100000000000004;89.84700000000002;0.0046;0.7198
89.115;18371.824;14.109000000000002;2.8360000000000003;37.558;26733.325;924692.733;3749934.336;3043.235;0.285;99.31;0.0045;0.7685
136.64700000000002;60853.243;0.173;2.658;49.642;84891.097;2841510.454;10255864.108;1750.785;0.209;224.49;0.0003;0.8534
138.851;491206.303;-0.329;2.629;58.028;697844.637;23153931.644;73276629.796;11520.68;0.211;227.128;0.0008;0.8481
99.911;61056.337;-4.39;2.399;49.82100000000001;90366.375;3033243.11;10061158.976;-1135.54;0.248;131.412;0.0025;0.7888
103.469;34409.714;-5.438;12.314;117.576;50264.84099999999;2036491.59;4059566.915;2619.696;0.264;148.7;0.0;0.6196
102.464;124251.234;-0.035;2.545;51.511;183811.697;6260958.982999999;19602120.178;3071.256;0.246;135.65;0.0038;0.7267
98.037;15545.573;2.511;3.062;38.581;23708.75;876802.2640000002;3572524.767;809.908;0.265;109.837;0.0052;0.7512
105.135;19159.651;4.935;4.496;70.625;28192.575;907413.217;2517722.076;1784.885;0.251;146.439;0.0;0.6107
105.904;25862.235;-0.535;2.178;59.771;37054.494;1329340.09;3705225.766;401.649;0.239;143.10399999999996;0.0005;0.7749
103.849;6940.977;7.632999999999999;11.505;97.61;9171.174;398216.238;801711.605;1270.838;0.27;141.782;0.0;0.6188
89.06200000000003;9862.529;-12.902;3.401;34.671;16081.51;641278.7760000001;2678938.777;-983.201;0.29;91.794;0.0073;0.7471
85.523;9752.136;-1.305;3.667;34.447;14612.123;641447.613;2679773.299;242.094;0.28600000000000003;92.387;0.0068;0.7394
76.339;8572.348;-8.342;2.905;34.822;14879.418;641066.003;3000766.953;-432.699;0.304;87.365;0.0029;0.7333
98.663;47525.483;1.105;2.668;49.377;67401.858;2242780.119;7706677.037;1691.817;0.249;130.235;0.0029;0.7022
93.979;14886.927;-3.241;2.938;38.756;22302.524;873892.058;3453277.365;-36.563;0.268;107.819;0.0054;0.763
103.935;121161.897;0.863;2.428;51.559;175860.05899999998;6262807.6910000015;19550309.972;4047.725;0.245;138.10399999999998;0.0029;0.7216
93.763;16257.423;0.425;3.173;37.537;24359.093;923105.595;3913628.02;512.061;0.275;102.247;0.0077;0.7644
89.28200000000002;11085.131;11.54;3.335;34.712;15196.353;640871.624;2678534.407;1608.039;0.29;91.843;0.0082;0.7397
87.735;14112.844;12.566;3.283;37.293;24351.387;931176.392;4147951.512;2132.764;0.28600000000000003;97.316;0.0089;0.7629
84.027;10440.182;2.9960000000000004;3.273;34.895;15969.339;644574.6089999999;2967496.286000001;654.964;0.28800000000000003;88.135;0.0041;0.7089
101.79;48801.777;2.056;2.665;49.32;68793.507;2245217.9080000003;7942991.007;2250.2870000000007;0.243;133.635;0.0043;0.7084
103.402;121055.879;1.783;2.517;51.591;175677.292;6278285.05;19513698.0;5128.174;0.247;135.496;0.0044;0.7219
93.83;17115.808;-2.359;2.983;37.33;26160.593;926834.476;3732140.339;104.215;0.276;99.73;0.0032;0.7691
89.507;13574.409;-15.519;2.7430000000000003;37.558;23519.253;926583.12;3732873.416;-1693.8;0.275;98.683;0.0047;0.7755
80.941;8718.261999999999;-0.606;3.834;34.781;15537.688999999997;642589.961;2968225.861;221.301;0.284;90.205;0.0064;0.7163
100.178;45762.328;-3.98;2.813;49.275;65503.176;2233706.114;7943054.107000002;-577.259;0.246;130.735;0.0029;0.713
102.237;121517.062;-3.565;2.508;51.632;179413.7;6262349.288;19517191.977;-1264.284;0.244;136.85399999999998;0.0041;0.7227
79.207;10602.687;-4.078;2.9;35.009;18577.991;643169.785;2967292.586;-107.583;0.292;87.575;0.0085;0.7177
101.974;129203.266;-1.149;2.49;51.581;188900.843;6257041.845;19515865.757;1758.504;0.246;136.314;0.0034;0.7153
100.642;44624.49;0.787;2.684;49.106;63123.336;2243364.882;7944477.01;1523.97;0.246;133.654;0.0014;0.7077
91.099;15544.313999999997;-0.179;3.113;37.327;24697.369;926061.955;3733306.545;414.176;0.274;100.15;0.0061;0.7739
89.152;15751.484;0.14800000000000002;3.184;37.401;21960.342;929151.888;3732631.194;421.577;0.281;99.563;0.0062;0.7691
139.05200000000002;123640.295;-0.13699999999999998;2.58;51.487;174874.57100000005;5782963.698;20145507.109;3102.976;0.212;221.442;0.001;0.7752
150.14700000000005;121491.467;2.8960000000000004;2.589;51.485;171558.165;5781720.642999998;20152676.62;6648.459;0.212;222.904;0.0006;0.7741
145.996;123205.364;-2.077;2.593;51.537;178270.086;5760882.334;20161398.485;790.518;0.213;223.622;0.0022;0.7309
146.65;124821.298;0.107;2.588;51.502;174975.533;5797284.762;20143570.37;3202.0490000000004;0.213;222.86900000000003;0.0015;0.7753
101.337;38573.4765;-1.3210000000000002;2.4535;67.084;54774.5545;1831516.4825;4974751.2465;308.635;0.2415;144.92450000000005;0.0016;0.6621999999999999
100.7045;37110.306000000004;-2.3875;2.5475;67.0025;54365.8055;1832657.406;4879744.1680000005;150.05899999999997;0.2415;146.5465;0.0032500000000000003;0.67475
103.768;37104.993;-2.594;2.511;67.226;53968.777;1836707.383;5051263.409;16.791;0.239;145.906;0.0012;0.6614
100.663;37887.905;-3.207;2.881;66.946;57041.462;1828225.575;5058369.331;-10.358;0.239;147.4;0.0032;0.6158
102.577;72186.692;-0.407;2.358;66.439;108537.243;3686693.335;10247575.744;1551.003;0.238;146.245;0.0031;0.6613
102.983;70760.129;-5.066;2.168;66.595;108213.603;3697850.76;10241171.168;-1842.995;0.237;146.657;0.0028;0.6733
30.404;23848.893;1.5590000000000002;1.7380000000000002;66.933;38604.269;4045669.877;9505234.175;891.852;0.35200000000000004;41.432;0.0048;0.5955
67.381;50194.596;1.875;1.979;66.805;78530.312;3892459.439;9615044.056;1886.1;0.281;93.356;0.0038;0.6348
90.9;70874.75099999999;5.058;1.977;66.789;99162.371;3764125.242;9720285.643;5275.602;0.251;129.04399999999998;0.0012;0.6555
121.283;98835.96;-1.655;2.346;66.464;138947.212;3577833.864;9856972.885;701.959;0.217;183.827;0.0006;0.6961
151.72;106038.719;-1.361;2.899;66.071;151262.97199999998;3392556.023;10028927.11;1824.962;0.198;232.724;0.0018;0.7153
172.418;118061.953;-0.061;3.24;65.89399999999999;170907.354;3286273.002;10110026.465;3792.116;0.189;272.561;0.0013;0.7427
207.371;145775.514;-1.411;2.718;66.3;203637.948;3242571.862;10116514.34;1956.514;0.174;326.832;0.0;0.7799
5.122999999999998;1479.729;-1.643;1.716;67.473;12435.055;2058316.217;5012380.764;2.8710000000000004;0.387;7.537000000000001;0.0063;0.6023
22.055;6427.789000000002;8.704;1.73;67.66;15447.223;2038530.039;5023450.648;730.324;0.415;19.085;0.0123;0.608
56.19600000000001;16891.228;-8.211;1.771;67.75;25986.955;2003926.553;5045442.679;-969.78;0.359;42.659;0.006999999999999999;0.6093
81.76899999999998;18026.319;1.227;1.927;67.438;27316.727000000006;1973321.136;5072534.4010000015;554.592;0.315;66.669;0.0044;0.6226
91.524;18708.272;-0.759;2.839;66.913;26216.622000000007;1946536.44;5101641.178;562.78;0.302;81.361;0.0006;0.6278
96.305;17870.984;-2.122;3.623;66.19;25372.899;1916355.34;5124244.0;288.182;0.294;90.429;0.0;0.6253
104.007;19075.868;-2.131;3.873;66.133;27442.993;1890400.623;5144344.81;488.416;0.29;98.164;0.0;0.6261
116.724;18189.609;1.119;3.998;65.997;28673.702;1879235.467;5161561.501;1051.937;0.287;103.361;0.0;0.6322
95.558;20882.032;6.307;3.361;66.462;28923.06;1917767.147;5120743.205;2030.71;0.293;92.175;0.0007;0.6309
93.958;18458.861;-0.292;3.29;66.592;27273.775;1924623.042;5121804.463;665.415;0.299;87.83200000000002;0.0;0.6282
93.161;20914.484;7.457000000000002;3.292;66.291;27522.129;1913676.837;5129559.494;2009.376;0.305;86.005;0.0008;0.6222
102.502;17772.653000000002;1.601;3.99;65.883;26328.859;1858013.963;5181229.574;1075.886;0.293;96.035;0.0;0.6316
93.168;19156.029;0.7120000000000001;2.92;66.712;28370.01;1917333.322;5129430.5260000015;694.372;0.307;83.35;0.0;0.6293
92.668;19284.83;0.975;3.235;66.535;28241.793;1903176.558;5134039.927;790.0319999999998;0.313;80.676;0.0;0.6244
92.271;19760.697;5.184;3.563;66.318;28770.179;1907634.346;5135795.04;2039.641;0.313;78.969;0.001;0.6237
101.15;17383.249;1.348;3.863;66.166;25612.81;1902522.069;5138003.468;891.3530000000002;0.28800000000000003;96.364;0.0007;0.626
95.932;19426.705;-1.085;3.553;66.32600000000001;27067.992;1913419.189;4963286.98;493.231;0.285;94.147;0.0;0.6226
97.645;19510.497;-0.435;3.559;66.514;25706.992;1915560.329;5129029.254;639.401;0.294;92.183;0.0;0.6247
96.488;17760.581000000002;-2.9410000000000003;3.114;66.54899999999999;26418.354;1919618.349;4851579.612;30.711;0.29600000000000004;89.60600000000002;0.0;0.6319
92.744;20540.297;1.909;3.139;66.679;26852.28;1917466.344;4957943.084;1131.963;0.3;86.319;0.0008;0.6379
94.734;20625.537;-1.485;3.115;66.408;28624.901;1921463.804;4674665.259;415.549;0.301;87.76299999999998;0.0;0.6445
94.796;20016.163;5.141;3.278;66.51100000000001;29897.634;1915958.115;5034039.2080000015;1653.2120000000002;0.308;84.45299999999997;0.0007;0.6332
94.465;19013.561;-3.004;2.786;66.546;28069.564;1918280.994;4895097.823;85.28200000000002;0.312;81.68;0.0;0.642
29.218000000000004;13056.021;-5.0139999999999985;1.869;67.45100000000001;21841.248;2012746.986;5056559.616;-381.647;0.375;38.439;0.0107;0.5725
29.528;25405.678;1.426;1.71;67.012;45012.639;4018879.36;10038390.701;802.546;0.3720000000000001;38.494;0.0078;0.5819
29.019;40168.836;-1.355;1.7619999999999998;66.743;70768.205;6045194.17;14980298.377;167.43099999999995;0.371;38.178;0.009000000000000001;0.5809
29.29;47985.142;-9.371;1.819;66.569;88942.69;8068510.567000002;19717239.936;-3589.23;0.371;37.849;0.0081;0.5817
29.491;59336.851;-3.466;1.898;66.417;105170.21;10070923.241;24758652.961;-993.688;0.37;38.018;0.0087;0.5829
29.478;25149.909;-4.762;1.865;66.84;44788.37;4012405.01;10040300.556;-728.8710000000002;0.3720000000000001;38.12;0.0089;0.585
30.017;24023.834;4.249;1.788;66.847;43010.16;4016710.149;10042182.516;1399.4520000000002;0.37;38.684;0.0067;0.5852
29.72;25276.9;-4.832;1.76;66.843;43093.97;4018731.66;10040583.681;-763.715;0.37;38.44;0.0089;0.5846
29.597;24038.482000000004;0.454;1.851;66.878;42820.71900000001;4022861.032;10043344.431;554.013;0.374;38.406;0.0074;0.5917
29.492;24163.569;-0.58;1.773;66.735;41884.643;4020167.762;10039604.66;294.858;0.371;38.16;0.0088;0.5912
29.904;23947.738;-0.906;1.848;66.805;44668.459;4016191.112;10037122.357;236.556;0.369;38.171;0.0072;0.5992
29.524;24817.378;-7.526;1.743;66.891;45041.157;4019423.676;10038686.063;-1407.534;0.3720000000000001;38.052;0.0106;0.5985
29.056;25945.035;-4.557;1.828;66.952;45121.518;4015798.705;10037787.139;-734.0360000000002;0.3720000000000001;38.0;0.0088;0.5987
29.929;23724.096;5.426;1.92;66.845;42814.755;4013397.674;10038271.102;1633.797;0.369;38.73;0.0069;0.604
29.817;24752.799;-4.02;1.852;66.898;44665.326;4019727.109;10043557.292;-553.637;0.371;38.209;0.0094;0.6071
29.759;23730.872000000007;0.769;1.868;66.96;42906.935;4015116.236;10043852.109;670.436;0.37;38.533;0.0084;0.6053
29.493;23539.97;-8.476;1.858;66.86;41626.28;4020316.268;10039563.944;-1618.9260000000004;0.371;37.9;0.0081;0.6094
29.834;22980.49;-1.361;1.91;66.797;40828.659;4021009.119;10041367.416;132.19899999999998;0.37;38.262;0.0078;0.6127
132.739;33523.153;-6.352;45.346;28.758000000000006;53572.597;3337768.355;22814318.412;13882.903;0.35700000000000004;98.519;0.0;0.6829
150.472;123852.583;0.12;2.052;51.69300000000001;176703.63100000005;5832643.902000002;20087654.809;2873.67;0.212;224.646;0.0007;0.7761
149.985;124510.29;0.5479999999999999;1.816;51.852;179340.40600000005;5844651.802999998;20075768.627;3194.605;0.21;224.391;0.0005;0.7747
144.135;124255.935;-1.668;2.112;51.687;176119.925;5841737.112000002;20066085.505;641.54;0.212;225.303;0.0014;0.7757
125.332;31819.875;-4.949;46.849;28.146;47041.256;3250796.191;22909186.303000007;14226.237;0.35700000000000004;98.74;0.0001;0.6466
100.237;76884.7885;-0.467;2.6979999999999995;46.6445;113402.4435;3812883.8415;13407799.796999998;1734.8065;0.252;128.27300000000002;0.0032;0.74055
100.314;76164.50700000001;-1.5630000000000002;2.6855;46.63549999999999;112400.987;3806750.5935;13412205.3695;892.6189999999998;0.2495;129.62349999999998;0.00385;0.7599
100.0845;77793.86050000001;-0.15199999999999994;2.6465;46.6575;115966.88699999999;3803184.315;13409138.776500003;1906.01;0.25;128.684;0.0039;0.78285
100.4435;79083.2925;-2.205;2.668;46.6565;112559.849;3805614.8975;13407719.9755;418.055;0.253;127.8645;0.0032;0.80775
99.5605;78761.0595;-0.6025;2.569500000000001;46.6275;111567.78;3803989.0825;13406762.0315;1521.4305;0.2515;127.52;0.00315;0.8269
100.70700000000001;77108.928;-0.16350000000000006;2.6585;46.5475;111652.6225;3820065.6475;12840417.666;1889.349;0.2505;128.26100000000002;0.0038;0.7172000000000001
99.9485;77726.2055;3.4240000000000004;2.7565;46.53699999999999;112981.916;3807730.284;13410568.3825;4650.0905;0.2485;128.94549999999998;0.0032;0.7657499999999999
99.445;78357.9265;1.1855;2.6430000000000002;46.5915;113748.2935;3800635.982;13408983.008;2907.519;0.2515;128.625;0.00335;0.7917000000000001
98.97;75120.3755;-2.7665;2.5860000000000003;46.63050000000001;111461.769;3807504.738;13406359.6925;-142.98200000000003;0.252;126.972;0.0033;0.81855
98.9975;75409.26299999999;-2.251;2.6045000000000003;46.5865;110931.547;3809219.3545;13409157.383;278.217;0.252;127.8365;0.0034;0.84775
99.238;78067.52350000001;-0.376;2.6815;46.57550000000001;113246.862;3799224.4495;13408467.988;1689.4575;0.251;127.6405;0.003;0.8763000000000001
100.5615;76733.4035;-2.694;2.6710000000000003;46.585;112384.1085;3808664.3855;13409646.8675;6.485500000000003;0.25;128.453;0.00385;0.74095
98.4915;77820.272;-1.011;2.6345;46.67;111275.8835;3811057.8965;13405028.934;1263.557;0.2515;126.63600000000001;0.00335;0.7420500000000001
100.1135;76984.23199999999;-1.3030000000000002;2.6625;46.6135;110987.1825;3812588.7010000004;13409337.6785;1031.496;0.252;128.018;0.00395;0.75375
99.2965;78017.36549999999;1.6920000000000002;2.6585;46.56049999999999;115708.12800000001;3801475.6119999997;13409629.342;3356.137;0.2505;127.65700000000001;0.0029;0.77
98.906;76878.6955;1.0014999999999998;2.6315;46.651;110224.1635;3803712.372;13408477.170999998;2650.8305;0.251;128.053;0.00285;0.7786
99.712;79005.159;0.07450000000000001;2.676;46.6;114262.102;3810720.5715;13408622.289;2168.4375;0.2515;127.817;0.0032;0.79125
99.6035;78802.6685;-0.988;2.6675;46.62300000000001;112184.267;3812310.001;13407797.53;1369.5375;0.2525;127.4565;0.0045;0.7313000000000001
99.317;77165.1175;-1.39;2.6075;46.6685;112693.88;3812316.7945;13409903.393;1013.377;0.2505;129.55650000000003;0.00345;0.75885
99.935;79724.2395;1.5225;2.569;46.6625;111379.4615;3801234.4395;13410545.213;3274.640000000001;0.2495;128.695;0.00245;0.7558
99.802;78570.3495;0.264;2.6985;46.615;112023.5255;3810829.8735;13409721.7025;2268.8785000000007;0.251;128.6215;0.00335;0.7571
99.6125;76432.8565;-0.32799999999999996;2.6435;46.6425;111122.409;3814844.451;13409005.117;1714.0665;0.252;128.12900000000002;0.00255;0.7573
99.433;76334.198;0.7250000000000001;2.6889999999999996;46.5535;112472.7555;3810514.8035;13408605.062;2474.1605;0.251;127.8775;0.0038;0.7604
99.574;76867.372;1.2345;2.5655;46.636;112020.085;3810852.2055;13407539.049;2808.1079999999997;0.252;127.15700000000001;0.0028;0.7596499999999999
99.6025;80792.3445;0.11250000000000004;2.5839999999999996;46.6045;114761.293;3807429.5689999997;13408702.355999999;2084.99;0.25;128.0555;0.0027;0.7655
98.8345;77490.2135;1.8785;2.631;46.603;111709.2295;3807623.152;13407804.7355;3467.764;0.251;127.8305;0.00345;0.75515
99.7875;77451.2005;-0.135;2.678;46.5335;112239.2425;3806309.6580000003;13409407.968000002;1950.1505;0.2505;128.4625;0.0029;0.75615
100.3145;77223.478;-0.313;2.6695;46.598;114568.9115;3806835.648;13408633.776;1761.3575;0.2515;127.87899999999999;0.00345;0.75995
101.0665;77591.77249999999;-1.3375;2.6565000000000003;46.5675;111444.185;3803151.4760000003;13410929.6835;988.0535;0.25;129.0355;0.0036;0.7624500000000001
100.7315;78957.92749999999;-1.162;2.7075;46.5805;113523.9685;3805228.315;13411521.028500002;1185.8295;0.251;129.37099999999998;0.0032500000000000003;0.7605
1.801;66117.1245;-4.839;2.7805;46.461000000000006;97936.1765;3188634.1995;13238840.795999998;-1316.7875;0.198;310.2365;0.0;0.8756999999999999
129.1365;73389.29250000001;4.026;2.397;46.7855;108379.409;3847206.87;12602066.325;4525.2570000000005;0.2655;113.1205;0.00515;0.7457
26.045;74094.38;2.535;2.62;46.5385;106735.616;3657730.3135;12774450.2775;3750.9825;0.2105;204.2645;0.00055;0.8145
48.0445;77227.3365;-0.07400000000000001;2.761;46.573;111297.7145;3730287.7185;12703345.98;2081.823;0.2245;171.252;0.0012;0.7854000000000001
69.83949999999999;71451.44750000001;-1.2315;2.5125;46.6445;107758.0955;3773283.3775;12664439.5855;948.4625;0.2345;150.1795;0.0029;0.77805
89.73949999999998;77456.52549999999;-0.7390000000000001;2.7075;46.59;110106.688;3799249.6655;12638435.8315;1493.3414999999998;0.2465;135.8255;0.00345;0.7659999999999999
110.586;73779.04849999999;0.9790000000000001;2.4210000000000003;46.7115;110783.8725;3819692.5715;12618645.371;2446.6025;0.255;124.0975;0.00285;0.75835
96.763;26306.996;2.5;47.288;35.904;39148.237;2594986.219;11452087.613;12650.362;0.411;67.47399999999999;0.001;0.6238
102.676;71154.746;-1.939;2.137;66.53699999999999;106283.719;3709167.617;10236648.514;154.53799999999995;0.24;147.213;0.0028;0.6662
102.151;70935.768;-4.699;2.5340000000000003;66.366;107301.692;3678341.893;10266153.505;-1433.421;0.24;146.083;0.0034;0.6633
103.322;73984.914;4.293;2.096;66.672;111117.912;3698450.661;10243335.169;4540.547000000001;0.239;146.54;0.0005;0.6672
102.352;73037.478;-1.839;2.372;66.382;110226.389;3681338.976;10250614.147;506.913;0.237;146.14600000000004;0.0043;0.6695
99.12;75418.893;1.106;2.316;66.499;110499.562;3690608.122;10245117.341;2587.46;0.237;145.895;0.0026;0.6682
85.552;26354.526;0.229;48.03;35.354;38304.07700000001;2542831.206;11504777.307;12712.598;0.41;68.436;0.0003;0.5758
69.673;11551.254;-6.14;3.503;66.45100000000001;19025.598;1640978.729;4867318.095;-293.017;0.375;62.833;0.0008;0.5552
91.102;17539.233;-2.92;3.399;66.62;24731.673;1886012.752;4939550.552;54.333;0.308;84.944;0.0;0.6346
98.732;18917.659;-1.521;3.2710000000000004;66.418;28370.491;1943260.972;4909697.572;448.747;0.285;92.636;0.0;0.6231
102.258;22246.938;4.66;3.335;66.332;30680.439;1949686.773;5024763.326;1688.376;0.273;89.895;0.0014;0.6146
98.478;23321.522;-0.145;3.297;66.484;32125.51;1977809.721;4721470.84;804.827;0.27;83.186;0.0007;0.5988
99.45;38111.829;-0.546;2.875;66.861;54354.86900000001;1826330.282;5135104.351;889.643;0.241;146.594;0.0032;0.6657
100.831;37768.974;-1.228;2.597;67.092;53582.668;1822423.663;5122823.63;487.229;0.241;145.953;0.0026;0.6627
103.158;33991.046;-2.787;2.257;67.065;53771.377;1832625.835;5129338.717;-132.2;0.239;147.281;0.0012;0.6135
102.31;37042.227;4.255;2.264;67.20100000000001;55232.747;1836106.455;5120517.859;2591.094;0.24;145.453;0.0015;0.6623
132.739;33523.153;-6.352;45.346;28.758000000000006;53572.597;3337768.355;22814318.412;13882.903;0.35700000000000004;98.519;0.0;0.6829
150.472;123852.583;0.12;2.052;51.69300000000001;176703.63100000005;5832643.902000002;20087654.809;2873.67;0.212;224.646;0.0007;0.7761
149.985;124510.29;0.5479999999999999;1.816;51.852;179340.40600000005;5844651.802999998;20075768.627;3194.605;0.21;224.391;0.0005;0.7747
144.135;124255.935;-1.668;2.112;51.687;176119.925;5841737.112000002;20066085.505;641.54;0.212;225.303;0.0014;0.7757
125.332;31819.875;-4.949;46.849;28.146;47041.256;3250796.191;22909186.303000007;14226.237;0.35700000000000004;98.74;0.0001;0.6466
143.524;125646.796;3.173;2.67;51.541;182533.658;5775435.438999998;20130245.527;7202.776;0.212;222.1;0.0013;0.777
198.108;147844.513;-1.872;24.244;39.938;211140.663;6556423.307;19374001.027;-2700.016;0.229;252.013;0.0004;0.7768
100.3235;78082.4625;0.865;2.661;46.4475;111116.4835;3812807.3239999996;12669089.632;2747.598;0.252;129.00099999999998;0.0033;0.7585500000000001
99.1125;78003.177;1.4634999999999998;2.3585000000000003;47.0225;113019.6485;3828593.9515;12614770.2245;2963.0825;0.2515;127.844;0.0033;0.7585
96.0265;77711.28050000001;-0.9965;1.9195;47.396;115197.337;3741217.2565;12697303.613000002;751.2505;0.256;123.05;0.0024;0.75275
90.4675;64490.612;-0.86;4.581;46.431999999999995;93548.09800000001;3543818.1375;12920512.961999996;2447.8885;0.2745;113.931;0.0046;0.74275
82.255;58501.8655;2.4165;11.165999999999999;43.743;84869.2;3318199.9355;13160692.959;7719.044;0.302;99.7485;0.00205;0.7328
77.51899999999999;41991.8905;3.2315;22.6755;38.8065;64400.1475;3076336.814;13431992.742999999;10496.847000000002;0.3385;85.646;0.00375;0.7222999999999999
73.06700000000002;31899.3205;1.029;41.5955;31.082500000000003;44959.18400000001;2834690.4965;13699503.123;13130.4605;0.382;71.811;0.00175;0.70865
50.7935;35027.4635;-3.4945;2.7305;46.45050000000001;71789.8;3908369.2825;13349772.4195;-234.951;0.3175;79.04650000000002;0.00255;0.7268
63.8195;46157.7745;-1.535;2.7645;46.4725;81820.121;3883136.0525;13366229.364999998;384.12799999999993;0.29500000000000004;92.0795;0.00215;0.7338
84.40899999999998;60332.7205;-0.797;2.675;46.55199999999999;95924.398;3847074.79;13390866.4065;1146.33;0.2685;113.0775;0.0019;0.7461
108.3935;75821.37099999997;-2.2510000000000003;2.4975000000000005;46.6465;113693.931;3800399.4689999996;13417117.3135;254.27599999999995;0.245;135.558;0.004;0.76075
149.3385;116742.007;0.627;2.3440000000000003;46.786;150310.25449999998;3720691.966;13453249.538;3406.4345000000008;0.217;169.611;0.00305;0.7819
207.52;180669.3215;1.5985;2.3215000000000003;46.8075;212599.8895;3625166.8945;13500207.627;6686.530000000002;0.195;213.9425;0.007599999999999998;0.8116
300.8905;234680.39399999997;-0.5835000000000001;2.245;46.929;259809.6245;3505974.055;13557280.3045;3584.8005000000007;0.177;272.59950000000003;0.0108;0.84125
98.7725;77244.20599999999;-0.3295;2.6125;46.6605;111647.4035;3815716.889;12625860.1635;1731.5745000000004;0.2515;127.3605;0.00315;0.7593
488.407;255031.443;-1.385;2.801;46.529;375028.38;2471232.31;13671430.608;3506.7555;0.149;748.296;0.00035;1.14135
763.245;318030.18450000003;0.5295;2.821;46.591;467064.75299999997;1732402.1275;14289177.0325;10171.0165;0.145;1121.8455;0.00025;1.36175
989.2489999999999;331181.4755;-0.48;2.812;46.5355;493170.0995;1268806.2134999998;14699582.2895;7156.424;0.149;1371.0475;0.0;1.5167000000000002
1168.8015;320754.80500000005;-2.1845;2.7885;46.586000000000006;469140.3655;1003471.0135;14965798.238;1629.011;0.149;1574.5305;0.0;1.6334
1316.0735;294756.895;-1.6630000000000005;2.837;46.56099999999999;431415.023;874872.0059999999;15103310.964000002;3146.445;0.14800000000000002;1657.3210000000001;0.0;1.6804
1378.5625;244144.618;-0.8560000000000001;2.8595;46.5005;352331.0605;776643.2025;15261239.763;4191.826;0.1525;1690.2020000000002;0.0;1.68405
130.029;74169.6805;1.182;2.478;47.078;110109.3235;3679466.8085;12299769.087000001;2723.284;0.2655;106.3795;0.00465;0.70085
107.149;67322.91649999999;0.0595;2.5610000000000004;47.0305;99690.472;3661453.0485;12324610.826;1847.5185;0.2545;120.94400000000002;0.00575;0.7115
81.56;68125.582;-2.4325;2.612;47.0365;101407.037;3634326.4085;12348273.0085;144.72950000000003;0.248;134.9905;0.00315;0.71995
62.8725;76391.878;2.5095;2.6665;46.9965;110341.9755;3589836.2165;12379124.2055;4018.9125;0.2465;151.42950000000005;0.002;0.7263
47.3545;74841.724;0.18100000000000002;2.83;46.9385;109082.20300000001;3555304.939;12412909.9815;2300.5575;0.2485;167.94299999999996;0.0012;0.73765
35.318000000000005;71230.342;-2.1905;2.8004999999999995;46.8635;104615.359;3518880.369;12451078.531;381.2515;0.254;183.05650000000003;0.0006;0.7507999999999999
26.4705;72277.16900000001;-1.851;2.8455;46.926;106965.616;3472218.432;12495260.594499998;719.3315;0.2655;198.0525;0.0005;0.75935
138.55899999999997;67186.66900000001;-1.3755;4.293;65.24199999999999;96847.7225;3334574.05;10130827.826;2032.302;0.213;226.3195;0.0;0.7174
126.3835;71389.992;0.29050000000000004;4.2365;65.2485;100124.259;3424307.6745;10049573.872000001;3311.4040000000005;0.219;210.2645;0.00045;0.70335
118.6575;74758.04500000001;-3.0889999999999995;2.8685;66.132;108515.8855;3543367.7;9920247.066;-38.01949999999994;0.2215;185.0875;0.0;0.69455
100.8875;75513.619;-1.3565;2.3895;66.53800000000001;109144.3185;3697337.539;9771988.452;956.6160000000001;0.239;146.9725;0.00315;0.66735
67.931;57472.011;-5.8575;1.9725;66.8685;94169.8225;3905933.8565;9587894.849;-2129.333;0.3065;82.03450000000002;0.008650000000000001;0.6245499999999999
17.3525;15433.607;1.955;1.834;66.92949999999999;54284.342;4055013.4935;9478842.987;566.743;0.4175;25.6115;0.00965;0.58975
2.1355;2125.0640000000008;-0.01100000000000001;1.6255;67.01849999999999;42910.8325;4108847.889;9441141.116;35.455999999999996;0.39;7.291;0.0036;0.57985
11.075;11393.311000000003;4.8210000000000015;2.014;66.668;51196.863;4055679.554;9476877.905;760.988;0.41;19.044;0.0098;0.5848
74.866;69565.076;-1.972;1.922;66.84100000000001;106764.967;3844377.301;9630946.601;-46.595;0.289;90.917;0.0075;0.63
106.753;77245.468;-2.255;2.5610000000000004;66.192;111020.657;3619258.723;9842207.035;521.569;0.231;160.713;0.0;0.6765
117.744;75596.481;3.015;3.894;65.458;106538.36;3472966.552;10001593.806;5144.91;0.222;194.877;0.0003;0.7007
129.18;68830.531;1.359;4.493;65.09;94589.715;3376233.925;10088985.65;3697.023;0.218;214.246;0.0;0.7107
152.511;71675.604;-1.578;4.246;64.991;98271.728;3325037.01;10141553.076;2115.6910000000007;0.212;227.776;0.0;0.7225
160.67700000000005;65739.963;2.729;4.609;64.976;95242.347;3264704.361;10198149.592;4705.103;0.212;236.612;0.0;0.7219
100.5205;38396.3645;0.5255000000000001;2.5445;67.02600000000001;55349.283;1831907.0840000003;5055692.989;1189.389;0.2385;145.619;0.003650000000000001;0.66185
101.3935;36926.754;0.6105;2.678;66.9975;52255.107;1830521.582;4830891.5030000005;1298.392;0.2385;146.43650000000005;0.003;0.617
69.72399999999999;27819.261;4.976;1.844;67.655;41899.303;1529026.065;4918014.295;1862.413;0.299;98.452;0.0016;0.606
96.696;39144.707;3.132;2.224;67.312;54960.115;1798360.928;5111608.8330000015;2191.703;0.25;146.00799999999995;0.0022;0.6744
96.339;40077.337;1.721;2.571;66.875;56700.156;1846671.517;4948863.726;1526.3829999999996;0.238;136.77200000000002;0.0023;0.6504
96.45;37948.067;-6.165;2.268;67.234;54682.351;1903379.013;4857619.26;-1417.188;0.238;124.472;0.003;0.6372
90.081;38438.014;-2.081;2.211;67.139;56274.05;1928056.705;4867002.603999998;337.298;0.242;106.045;0.005;0.6243
100.774;38712.656;-0.63;2.253;67.155;56757.459;1828124.468;5089215.813999998;695.835;0.241;147.757;0.0025;0.6673
100.335;38119.536;3.49;2.8080000000000003;66.913;53529.541;1821256.094;4922698.781;2381.748;0.245;142.916;0.003;0.6666
99.076;40108.392;0.262;2.149;67.098;56840.408;1827353.381;4937095.842;920.039;0.25;138.411;0.0033;0.6737
96.524;39071.72;0.547;2.182;67.332;57331.16099999999;1844709.962;5032975.321;1014.128;0.255;135.309;0.0015;0.6838
95.107;38568.582;-1.979;2.103;67.23899999999999;57002.392;1834446.071;5058671.975;15.967;0.259;133.408;0.0028;0.6826
95.627;39735.17;0.894;2.09;67.39399999999999;54759.906;1846996.435;4787773.7930000005;1240.752;0.258;131.829;0.002;0.6719
94.857;39421.229;-1.149;2.017;67.516;54788.868;1852397.748;4804501.9180000005;338.249;0.264;128.436;0.0019;0.6797
97.744;38027.961;0.787;2.79;66.878;54294.294;1822049.344;5154979.154;1430.689;0.243;143.14600000000004;0.0029;0.6577
99.602;38485.94;3.584;2.518;67.05199999999999;55382.181;1826443.233;5143917.568;2385.93;0.243;144.244;0.003;0.6622
97.633;40215.119;-0.071;2.767;66.685;55994.488;1817303.912;5165257.89;1001.179;0.243;141.881;0.0037;0.6623
100.123;37817.229;0.068;2.555;67.188;53699.141;1825900.077;5154595.495;739.113;0.243;145.984;0.0026;0.6597
97.548;35621.495;3.41;3.035;66.88600000000001;54495.158;1826574.117;5152471.473;2481.251;0.242;144.243;0.0011;0.6622
99.736;37973.857;1.382;2.651;66.851;55254.89599999999;1826346.425;5151499.554;1529.1570000000004;0.239;146.67;0.0029;0.6579999999999999
100.871;35678.355;-2.314;2.481;67.101;53609.473;1827327.114;5151984.146000002;83.398;0.239;146.39700000000005;0.0036;0.6605
101.645;35911.233;2.908;2.7910000000000004;66.921;54867.243;1824960.222;5069903.912;2153.027;0.24;145.445;0.0015;0.6626
101.564;73241.058;1.3530000000000002;2.206;66.669;107419.624;3693715.642;9761528.877;2656.332000000001;0.238;146.826;0.0033;0.6667
101.885;107625.669;-0.391;2.318;66.37;159389.797;5502778.517999998;15550097.428;2649.4120000000007;0.239;145.072;0.0029;0.6669
100.163;155415.016;0.862;2.32;66.229;221131.765;7363333.317000002;20624477.854;5139.938;0.239;145.556;0.0033;0.6687
100.74;190592.336;-1.273;2.228;66.19;277600.974;9197745.838;25418275.278;2055.248;0.241;146.28799999999995;0.003;0.6677
